--
-- PostgreSQL database dump
--

-- Dumped from database version 9.6.7
-- Dumped by pg_dump version 9.6.7

SET statement_timeout = 0;
SET lock_timeout = 0;
SET idle_in_transaction_session_timeout = 0;
SET client_encoding = 'UTF8';
SET standard_conforming_strings = on;
SET check_function_bodies = false;
SET client_min_messages = warning;
SET row_security = off;

--
-- Name: plpgsql; Type: EXTENSION; Schema: -; Owner: 
--

CREATE EXTENSION IF NOT EXISTS plpgsql WITH SCHEMA pg_catalog;


--
-- Name: EXTENSION plpgsql; Type: COMMENT; Schema: -; Owner: 
--

COMMENT ON EXTENSION plpgsql IS 'PL/pgSQL procedural language';


SET search_path = public, pg_catalog;

SET default_tablespace = '';

SET default_with_oids = false;

--
-- Name: auth_group; Type: TABLE; Schema: public; Owner: jodlgang
--

CREATE TABLE auth_group (
    id integer NOT NULL,
    name character varying(80) NOT NULL
);


ALTER TABLE auth_group OWNER TO jodlgang;

--
-- Name: auth_group_id_seq; Type: SEQUENCE; Schema: public; Owner: jodlgang
--

CREATE SEQUENCE auth_group_id_seq
    START WITH 1
    INCREMENT BY 1
    NO MINVALUE
    NO MAXVALUE
    CACHE 1;


ALTER TABLE auth_group_id_seq OWNER TO jodlgang;

--
-- Name: auth_group_id_seq; Type: SEQUENCE OWNED BY; Schema: public; Owner: jodlgang
--

ALTER SEQUENCE auth_group_id_seq OWNED BY auth_group.id;


--
-- Name: auth_group_permissions; Type: TABLE; Schema: public; Owner: jodlgang
--

CREATE TABLE auth_group_permissions (
    id integer NOT NULL,
    group_id integer NOT NULL,
    permission_id integer NOT NULL
);


ALTER TABLE auth_group_permissions OWNER TO jodlgang;

--
-- Name: auth_group_permissions_id_seq; Type: SEQUENCE; Schema: public; Owner: jodlgang
--

CREATE SEQUENCE auth_group_permissions_id_seq
    START WITH 1
    INCREMENT BY 1
    NO MINVALUE
    NO MAXVALUE
    CACHE 1;


ALTER TABLE auth_group_permissions_id_seq OWNER TO jodlgang;

--
-- Name: auth_group_permissions_id_seq; Type: SEQUENCE OWNED BY; Schema: public; Owner: jodlgang
--

ALTER SEQUENCE auth_group_permissions_id_seq OWNED BY auth_group_permissions.id;


--
-- Name: auth_permission; Type: TABLE; Schema: public; Owner: jodlgang
--

CREATE TABLE auth_permission (
    id integer NOT NULL,
    name character varying(255) NOT NULL,
    content_type_id integer NOT NULL,
    codename character varying(100) NOT NULL
);


ALTER TABLE auth_permission OWNER TO jodlgang;

--
-- Name: auth_permission_id_seq; Type: SEQUENCE; Schema: public; Owner: jodlgang
--

CREATE SEQUENCE auth_permission_id_seq
    START WITH 1
    INCREMENT BY 1
    NO MINVALUE
    NO MAXVALUE
    CACHE 1;


ALTER TABLE auth_permission_id_seq OWNER TO jodlgang;

--
-- Name: auth_permission_id_seq; Type: SEQUENCE OWNED BY; Schema: public; Owner: jodlgang
--

ALTER SEQUENCE auth_permission_id_seq OWNED BY auth_permission.id;


--
-- Name: django_admin_log; Type: TABLE; Schema: public; Owner: jodlgang
--

CREATE TABLE django_admin_log (
    id integer NOT NULL,
    action_time timestamp with time zone NOT NULL,
    object_id text,
    object_repr character varying(200) NOT NULL,
    action_flag smallint NOT NULL,
    change_message text NOT NULL,
    content_type_id integer,
    user_id integer NOT NULL,
    CONSTRAINT django_admin_log_action_flag_check CHECK ((action_flag >= 0))
);


ALTER TABLE django_admin_log OWNER TO jodlgang;

--
-- Name: django_admin_log_id_seq; Type: SEQUENCE; Schema: public; Owner: jodlgang
--

CREATE SEQUENCE django_admin_log_id_seq
    START WITH 1
    INCREMENT BY 1
    NO MINVALUE
    NO MAXVALUE
    CACHE 1;


ALTER TABLE django_admin_log_id_seq OWNER TO jodlgang;

--
-- Name: django_admin_log_id_seq; Type: SEQUENCE OWNED BY; Schema: public; Owner: jodlgang
--

ALTER SEQUENCE django_admin_log_id_seq OWNED BY django_admin_log.id;


--
-- Name: django_content_type; Type: TABLE; Schema: public; Owner: jodlgang
--

CREATE TABLE django_content_type (
    id integer NOT NULL,
    app_label character varying(100) NOT NULL,
    model character varying(100) NOT NULL
);


ALTER TABLE django_content_type OWNER TO jodlgang;

--
-- Name: django_content_type_id_seq; Type: SEQUENCE; Schema: public; Owner: jodlgang
--

CREATE SEQUENCE django_content_type_id_seq
    START WITH 1
    INCREMENT BY 1
    NO MINVALUE
    NO MAXVALUE
    CACHE 1;


ALTER TABLE django_content_type_id_seq OWNER TO jodlgang;

--
-- Name: django_content_type_id_seq; Type: SEQUENCE OWNED BY; Schema: public; Owner: jodlgang
--

ALTER SEQUENCE django_content_type_id_seq OWNED BY django_content_type.id;


--
-- Name: django_migrations; Type: TABLE; Schema: public; Owner: jodlgang
--

CREATE TABLE django_migrations (
    id integer NOT NULL,
    app character varying(255) NOT NULL,
    name character varying(255) NOT NULL,
    applied timestamp with time zone NOT NULL
);


ALTER TABLE django_migrations OWNER TO jodlgang;

--
-- Name: django_migrations_id_seq; Type: SEQUENCE; Schema: public; Owner: jodlgang
--

CREATE SEQUENCE django_migrations_id_seq
    START WITH 1
    INCREMENT BY 1
    NO MINVALUE
    NO MAXVALUE
    CACHE 1;


ALTER TABLE django_migrations_id_seq OWNER TO jodlgang;

--
-- Name: django_migrations_id_seq; Type: SEQUENCE OWNED BY; Schema: public; Owner: jodlgang
--

ALTER SEQUENCE django_migrations_id_seq OWNED BY django_migrations.id;


--
-- Name: django_session; Type: TABLE; Schema: public; Owner: jodlgang
--

CREATE TABLE django_session (
    session_key character varying(40) NOT NULL,
    session_data text NOT NULL,
    expire_date timestamp with time zone NOT NULL
);


ALTER TABLE django_session OWNER TO jodlgang;

--
-- Name: jodlplatform_note; Type: TABLE; Schema: public; Owner: jodlgang
--

CREATE TABLE jodlplatform_note (
    id integer NOT NULL,
    text character varying(512) NOT NULL,
    title character varying(128) NOT NULL,
    public boolean NOT NULL,
    pub_date timestamp with time zone NOT NULL,
    author_id integer NOT NULL
);


ALTER TABLE jodlplatform_note OWNER TO jodlgang;

--
-- Name: jodlplatform_note_id_seq; Type: SEQUENCE; Schema: public; Owner: jodlgang
--

CREATE SEQUENCE jodlplatform_note_id_seq
    START WITH 1
    INCREMENT BY 1
    NO MINVALUE
    NO MAXVALUE
    CACHE 1;


ALTER TABLE jodlplatform_note_id_seq OWNER TO jodlgang;

--
-- Name: jodlplatform_note_id_seq; Type: SEQUENCE OWNED BY; Schema: public; Owner: jodlgang
--

ALTER SEQUENCE jodlplatform_note_id_seq OWNED BY jodlplatform_note.id;


--
-- Name: jodlplatform_user; Type: TABLE; Schema: public; Owner: jodlgang
--

CREATE TABLE jodlplatform_user (
    password character varying(128) NOT NULL,
    last_login timestamp with time zone,
    id integer NOT NULL,
    email character varying(254) NOT NULL,
    name character varying(100) NOT NULL,
    is_staff boolean NOT NULL
);


ALTER TABLE jodlplatform_user OWNER TO jodlgang;

--
-- Name: jodlplatform_user_id_seq; Type: SEQUENCE; Schema: public; Owner: jodlgang
--

CREATE SEQUENCE jodlplatform_user_id_seq
    START WITH 1
    INCREMENT BY 1
    NO MINVALUE
    NO MAXVALUE
    CACHE 1;


ALTER TABLE jodlplatform_user_id_seq OWNER TO jodlgang;

--
-- Name: jodlplatform_user_id_seq; Type: SEQUENCE OWNED BY; Schema: public; Owner: jodlgang
--

ALTER SEQUENCE jodlplatform_user_id_seq OWNED BY jodlplatform_user.id;


--
-- Name: auth_group id; Type: DEFAULT; Schema: public; Owner: jodlgang
--

ALTER TABLE ONLY auth_group ALTER COLUMN id SET DEFAULT nextval('auth_group_id_seq'::regclass);


--
-- Name: auth_group_permissions id; Type: DEFAULT; Schema: public; Owner: jodlgang
--

ALTER TABLE ONLY auth_group_permissions ALTER COLUMN id SET DEFAULT nextval('auth_group_permissions_id_seq'::regclass);


--
-- Name: auth_permission id; Type: DEFAULT; Schema: public; Owner: jodlgang
--

ALTER TABLE ONLY auth_permission ALTER COLUMN id SET DEFAULT nextval('auth_permission_id_seq'::regclass);


--
-- Name: django_admin_log id; Type: DEFAULT; Schema: public; Owner: jodlgang
--

ALTER TABLE ONLY django_admin_log ALTER COLUMN id SET DEFAULT nextval('django_admin_log_id_seq'::regclass);


--
-- Name: django_content_type id; Type: DEFAULT; Schema: public; Owner: jodlgang
--

ALTER TABLE ONLY django_content_type ALTER COLUMN id SET DEFAULT nextval('django_content_type_id_seq'::regclass);


--
-- Name: django_migrations id; Type: DEFAULT; Schema: public; Owner: jodlgang
--

ALTER TABLE ONLY django_migrations ALTER COLUMN id SET DEFAULT nextval('django_migrations_id_seq'::regclass);


--
-- Name: jodlplatform_note id; Type: DEFAULT; Schema: public; Owner: jodlgang
--

ALTER TABLE ONLY jodlplatform_note ALTER COLUMN id SET DEFAULT nextval('jodlplatform_note_id_seq'::regclass);


--
-- Name: jodlplatform_user id; Type: DEFAULT; Schema: public; Owner: jodlgang
--

ALTER TABLE ONLY jodlplatform_user ALTER COLUMN id SET DEFAULT nextval('jodlplatform_user_id_seq'::regclass);


--
-- Data for Name: auth_group; Type: TABLE DATA; Schema: public; Owner: jodlgang
--

COPY auth_group (id, name) FROM stdin;
\.


--
-- Name: auth_group_id_seq; Type: SEQUENCE SET; Schema: public; Owner: jodlgang
--

SELECT pg_catalog.setval('auth_group_id_seq', 1, false);


--
-- Data for Name: auth_group_permissions; Type: TABLE DATA; Schema: public; Owner: jodlgang
--

COPY auth_group_permissions (id, group_id, permission_id) FROM stdin;
\.


--
-- Name: auth_group_permissions_id_seq; Type: SEQUENCE SET; Schema: public; Owner: jodlgang
--

SELECT pg_catalog.setval('auth_group_permissions_id_seq', 1, false);


--
-- Data for Name: auth_permission; Type: TABLE DATA; Schema: public; Owner: jodlgang
--

COPY auth_permission (id, name, content_type_id, codename) FROM stdin;
1	Can add log entry	1	add_logentry
2	Can change log entry	1	change_logentry
3	Can delete log entry	1	delete_logentry
4	Can add group	2	add_group
5	Can change group	2	change_group
6	Can delete group	2	delete_group
7	Can add permission	3	add_permission
8	Can change permission	3	change_permission
9	Can delete permission	3	delete_permission
10	Can add content type	4	add_contenttype
11	Can change content type	4	change_contenttype
12	Can delete content type	4	delete_contenttype
13	Can add session	5	add_session
14	Can change session	5	change_session
15	Can delete session	5	delete_session
16	Can add user	6	add_user
17	Can change user	6	change_user
18	Can delete user	6	delete_user
19	Can add note	7	add_note
20	Can change note	7	change_note
21	Can delete note	7	delete_note
\.


--
-- Name: auth_permission_id_seq; Type: SEQUENCE SET; Schema: public; Owner: jodlgang
--

SELECT pg_catalog.setval('auth_permission_id_seq', 21, true);


--
-- Data for Name: django_admin_log; Type: TABLE DATA; Schema: public; Owner: jodlgang
--

COPY django_admin_log (id, action_time, object_id, object_repr, action_flag, change_message, content_type_id, user_id) FROM stdin;
\.


--
-- Name: django_admin_log_id_seq; Type: SEQUENCE SET; Schema: public; Owner: jodlgang
--

SELECT pg_catalog.setval('django_admin_log_id_seq', 1, false);


--
-- Data for Name: django_content_type; Type: TABLE DATA; Schema: public; Owner: jodlgang
--

COPY django_content_type (id, app_label, model) FROM stdin;
1	admin	logentry
2	auth	group
3	auth	permission
4	contenttypes	contenttype
5	sessions	session
6	jodlplatform	user
7	jodlplatform	note
\.


--
-- Name: django_content_type_id_seq; Type: SEQUENCE SET; Schema: public; Owner: jodlgang
--

SELECT pg_catalog.setval('django_content_type_id_seq', 7, true);


--
-- Data for Name: django_migrations; Type: TABLE DATA; Schema: public; Owner: jodlgang
--

COPY django_migrations (id, app, name, applied) FROM stdin;
1	jodlplatform	0001_initial	2018-05-29 23:49:45.96366+00
2	contenttypes	0001_initial	2018-05-29 23:49:46.010473+00
3	admin	0001_initial	2018-05-29 23:49:46.043467+00
4	admin	0002_logentry_remove_auto_add	2018-05-29 23:49:46.061464+00
5	contenttypes	0002_remove_content_type_name	2018-05-29 23:49:46.092647+00
6	auth	0001_initial	2018-05-29 23:49:46.182858+00
7	auth	0002_alter_permission_name_max_length	2018-05-29 23:49:46.192847+00
8	auth	0003_alter_user_email_max_length	2018-05-29 23:49:46.211528+00
9	auth	0004_alter_user_username_opts	2018-05-29 23:49:46.234464+00
10	auth	0005_alter_user_last_login_null	2018-05-29 23:49:46.251506+00
11	auth	0006_require_contenttypes_0002	2018-05-29 23:49:46.254401+00
12	auth	0007_alter_validators_add_error_messages	2018-05-29 23:49:46.271534+00
13	auth	0008_alter_user_username_max_length	2018-05-29 23:49:46.281504+00
14	auth	0009_alter_user_last_name_max_length	2018-05-29 23:49:46.294399+00
15	jodlplatform	0002_auto_20180507_0235	2018-05-29 23:49:47.263017+00
16	sessions	0001_initial	2018-05-29 23:49:47.292969+00
\.


--
-- Name: django_migrations_id_seq; Type: SEQUENCE SET; Schema: public; Owner: jodlgang
--

SELECT pg_catalog.setval('django_migrations_id_seq', 16, true);


--
-- Data for Name: django_session; Type: TABLE DATA; Schema: public; Owner: jodlgang
--

COPY django_session (session_key, session_data, expire_date) FROM stdin;
\.


--
-- Data for Name: jodlplatform_note; Type: TABLE DATA; Schema: public; Owner: jodlgang
--

COPY jodlplatform_note (id, text, title, public, pub_date, author_id) FROM stdin;
\.


--
-- Name: jodlplatform_note_id_seq; Type: SEQUENCE SET; Schema: public; Owner: jodlgang
--

SELECT pg_catalog.setval('jodlplatform_note_id_seq', 1, false);


--
-- Data for Name: jodlplatform_user; Type: TABLE DATA; Schema: public; Owner: jodlgang
--

COPY jodlplatform_user (password, last_login, id, email, name, is_staff) FROM stdin;
527S78UZBDWOZX34YG6K8XL6U11XO4QENZ1E1VYQ95NS2KX5QFCZ958YJCL1UIER	\N	0	wenke.schubert@jodlgang.com	Wenke Schubert	f
XM9K4UU0Y7TA80KJBQMVGQGVC7HQ842L1XIJBBLF7FCJLMHKS2NDD9ODE5DC09AH	\N	1	mila.dietrich@jodlgang.com	Mila Dietrich	f
D3AU2KOR6HJDS5BZFP9PLY25WKPWC5L4ZA8SV70ZXZOZJREY4R5R773R40CZEJ11	\N	2	leni.schmitt@jodlgang.com	Leni Schmitt	f
BCM6AT7O7VLALWNXPWS6BI8RCCPCUKFBJ2TM4TS5OA6QAMO9OOH2XWG3C8OFHBWB	\N	3	maila.richter@jodlgang.com	Maila Richter	f
6LND3STBK7869FMGZN4529RB24LG94VD716YK4SM52FKOFZ9BXI219ENE5W243ZZ	\N	4	clara.gross@jodlgang.com	Clara Groß	f
GYSHZNZ7CGPX3O99QN5WGSXIEK6MDYLO8Q2KYNZ88LUN9XM0WQXBHG3Y34Q11L8E	\N	5	hannes.krueger@jodlgang.com	Hannes Krüger	f
5HSNCYK03IXJX8K4KSM7X3MBG2S4IRM20P2HYQKI44LO46CJ0TII4U6X60ETURE5	\N	6	pia.hahn@jodlgang.com	Pia Hahn	f
8H5OCB9PY7QWIH1IMHJJEJG74SM3UDCFI4JJ3QWAI3IW9JR22ERIK5GSI7P6T8BG	\N	7	leila.fischer@jodlgang.com	Leila Fischer	f
R9H3LFBICYA240JG0VX9P1X4SNE7Q2L7T8D0UPOHTAQMP7NAA1MKI7GHKWKPMJ5A	\N	8	simon.ludwig@jodlgang.com	Simon Ludwig	f
0T6NH17M71BHD7VY7NQRI85MNWRUXBF1JTQA1EYXNHTKILJPVXQOUXIO5ODWL4XT	\N	9	emil.thiele@jodlgang.com	Emil Thiele	f
5Z9M4QTUQCBF5KGXMDF300UGNYEV562C9G66UHU0CNOWAYL15Q3QBJPDNJ0LW3B8	\N	10	laura.werner@jodlgang.com	Laura Werner	f
E6H4ENT770G7I12ZS15XHAXN9B22LNK42WK4CU6EO8PP6XZUPR4QKO4BBPJ1N1RU	\N	11	levin.krause@jodlgang.com	Levin Krause	f
RHPEPBR3GY805P1RGX2PTN7BXM0V2CJM919YAEZUKWF0TJNVO0M1KR0VXHT2V9HM	\N	12	mina.wagner@jodlgang.com	Mina Wagner	f
A2GWRGPW5YME6SDLX9MC74CLIN430FALO1ZFUFTBLY11189E1OHVW3YQPAX8BPM0	\N	13	elena.schulte@jodlgang.com	Elena Schulte	f
H3YF3DI2G9RYIBAHNV4JYGD6PHW3R6NBO8TND419O1CFR5WIMJK9EUP0TRNQ6T53	\N	14	elisabeth.schmidt@jodlgang.com	Elisabeth Schmidt	f
C2UXIXPNSC9JHHA2N9EVXT8FJCSSQMDNURCTQABCV8REKRW5YWXE23K4MBUMZQVJ	\N	15	jannik.vogel@jodlgang.com	Jannik Vogel	f
YDZ2WQGOFZO0K29X5P23ZXHP5ZKW2D8WLTI038TCX1F06VYQ8UWTGP0G6RYTS03F	\N	16	michael.schumacher@jodlgang.com	Michael Schumacher	f
Q666KBPAC1EN5D1T1MD8S4Y4MMYHMD3UT1US7CHVFPBD8X5FM8IJJDU1JNM2ZH7Z	\N	17	mina.neumann@jodlgang.com	Mina Neumann	f
7KPIZ6R4PEXD5CRH451H01V2JC81ERPQ7H3TU0X141V4EL21Y3UGFWFQGA9OEZG8	\N	18	jonathan.mueller@jodlgang.com	Jonathan Müller	f
WDFRY2LRA0UJKX295EEQK5JF3IWH4ZRIGQGN582J8GOAXLM52DHTOTNKID8RRFLG	\N	19	elena.peters@jodlgang.com	Elena Peters	f
E64N51Z5FOPGFBCDMIR7O03T297I8V0K3E3JBF9SKJ0L4JNXDJGG1ECMWQHFL5S8	\N	20	tim.sommer@jodlgang.com	Tim Sommer	f
EBGFSPVUSLCH29HZGOJIS6MPWWOERZAF3D4TG4V68CC77VOGFXF1C0RIO1LDLYKR	\N	21	anni.jaeger@jodlgang.com	Anni Jäger	f
5UKP454I7F5WNAZ45VPFFDNNUWGXK502CYERSPJP1BGILDX1G1M0MEQ6R9I7FUAR	\N	22	noel.schuster@jodlgang.com	Noel Schuster	f
Z85FS92VP1ZRAJRH96VZ46ZCXP7XBNFAA33NNSI5WMP3DQRYWHE0BLP6C29NKZ5E	\N	23	lenny.conrad@jodlgang.com	Lenny Conrad	f
LNCQBD3YKXQAJ9E7TV15BI3J6VOBCJK5C2NOX8BG05ZTSAQALC2JE6A1US6G4L4A	\N	24	simon.bergmann@jodlgang.com	Simon Bergmann	f
44M2X6Y7LKCX7NWK5S75X48UM72G1F0H0PMYI00IGBTQ4Q2ZDMHMNX828LNDTCZC	\N	25	lucy.lorenz@jodlgang.com	Lucy Lorenz	f
7S4OFN11QC9L19TXU7OJMY1NBKNNJVOXZOY4PMFQ4V4XBUXSCHBF2B02ZEQO2GW8	\N	26	phil.weber@jodlgang.com	Phil Weber	f
Q4PYR6OCKXGSM2X3J6Z46JBRVMQ1M5FFA0QOU3ZZPIPFRT1ZJGNCWD0NDJJBG3BK	\N	27	martin.bauer@jodlgang.com	Martin Bauer	f
C34SPVCTGIFFOJSB8VQEPEWPQZ4APQ0T8B6BZBUCF5LFJ7FGXVSSFBO9B1ZNE0C5	\N	28	selina.seidel@jodlgang.com	Selina Seidel	f
9ZYM51ELIBI525XMRPHG1C4CBODALRUIRS5566HM4PCZDRVOPU3VJKMQQN70BVFJ	\N	29	marlon.lange@jodlgang.com	Marlon Lange	f
CQ1PCMB8TJNNPBO3U4ILW4QJQLLNPVY2XZD0XRWWMELWJ4WEQ5TGE61BBAPEA2NC	\N	30	rafael.schmidt@jodlgang.com	Rafael Schmidt	f
DTHDVUKZ1JN7EKA4HIXFXHOYU8S0WTW0KVZ35CMLAF5W2YL81ZXWUL63105U1ZPU	\N	31	nico.kraus@jodlgang.com	Nico Kraus	f
NAMEEJQPRG1UTJZL6I2GFIEUG4O4PYZACJUU110WMC5XUQ3PODT1WF4802TN81FL	\N	32	sarah.christ@jodlgang.com	Sarah Christ	f
WMX35QN2OIG5BD94M3OY081654KYAJYUHJ2DB9L1IW7C2SC9GI5LDCOQ8IUZLJXK	\N	33	bruno.christ@jodlgang.com	Bruno Christ	f
DI2SEN9I2A8CPL72RRDBRARQD8WFF24TO7A8UM8A50E0C734UMZX42TAC634ZC73	\N	34	phil.horn@jodlgang.com	Phil Horn	f
BHIHA649PNHWFXJN5MCOHKSJ4SJ5RF8PM4FXPQ88ZTNP19T397INNJ3MP2L8AYHC	\N	35	nick.kaiser@jodlgang.com	Nick Kaiser	f
6UIVHB5X6LWXGXLJY0Z075HBAORXN6BTRCUAMPXN2ASBSL5TED0I69XDV27OSNPM	\N	36	nils.otto@jodlgang.com	Nils Otto	f
XWOTDRL6Q5ZMM0BSDIK4QZ757TC70SY3VMIXGRPNNEDSRV9P7I8KUZQXB2D71MY4	\N	37	linda.roth@jodlgang.com	Linda Roth	f
82VRORQMCG9K4E6N01WN6SGTGNQ75UKM3KWDXNDYBSECX6MSXADXPNUDS3D4NLNG	\N	38	bianca.gross@jodlgang.com	Bianca Groß	f
0L4I4V4C8S3VV63YWUNSP0SGLRUQSL9WO5BNX10KWKGKWB4BRDZS76HCD43Y24A3	\N	39	merle.jung@jodlgang.com	Merle Jung	f
7ADVJ0OUWCT3KP23MLLPRJFO16WZ3HU4Y0UYO15B6HNX85XMLXU6KJVMCXP9Q8DJ	\N	40	samuel.maier@jodlgang.com	Samuel Maier	f
XGY36DV4BDJH1UUCOIPUAXIG1GW41PN1GONKTWX50AAC1749NMNGO47TAZMFDCSU	\N	41	maximilian.werner@jodlgang.com	Maximilian Werner	f
P3BBQH3WZV10B9GYINUDZKZNKQZ227UI63YP7G9AILACWBOCD6AADMWPYN6IMFBC	\N	42	henry.kraus@jodlgang.com	Henry Kraus	f
T2OHKGMGDTGINQPG8L6H2XH3RHIJ219T9YR2HNTGQ2GGLZZO3KED1079N9HR84KZ	\N	43	gunter.schultz@jodlgang.com	Gunter Schultz	f
ER7I0TD9VM1QHT4GNS5EA8MAV9JOOX6EVCZ9PTO5JV5BWVGRIJJPAMI68JJ7765B	\N	44	jannik.moeller@jodlgang.com	Jannik Möller	f
WORVFDD9ES3UJQKUF8GUDG90Y1YGAKT7OG2RJH6AFCI2H5664DI51ET4M2I0YSQT	\N	45	johann.schreiber@jodlgang.com	Johann Schreiber	f
51NDF2O1A45CO3KNPU5VUICV3B8BQWIOCTEI5AAL3D6XU1FSYRS3S6OS70ND5HEG	\N	46	chiara.braun@jodlgang.com	Chiara Braun	f
LNVA8Z6G1DLEO3157W897MSWHRJW10J0RQQCQP1X03JPK2IQO6DHFYODM7OVCTKO	\N	47	luca.arnold@jodlgang.com	Luca Arnold	f
YNKN8BMNY9GCKT8IUPG4W498L6ULC04UD3SL91WP44CP5SREIH53PKJ81E9SOD3K	\N	48	jamie.walter@jodlgang.com	Jamie Walter	f
K8RLGWWETI8WRLI6PBSWCAIPAN1PYHS39MRIHHXO4OVFVVBGPUPVZ1W69GEIO970	\N	49	michael.christ@jodlgang.com	Michael Christ	f
AWHL26MG0DEVMKCTYYKPUNC5FJKV9MORIPROI5LVAADJQ3CSDA5WIF65MGUCA9NF	\N	50	sofia.ludwig@jodlgang.com	Sofia Ludwig	f
INKMC9EJ3G5WRG17KBP3K0RQCBOWX5YENAY0EK71LN39VO7IGZHCLAN2K6DEJVNP	\N	51	lea.schneider@jodlgang.com	Lea Schneider	f
NSJH4Z6CZ9AKX1ZO6H9KD6IFGXRCQXWSZHQ7V01TOY4B0XF8FMJLC3MARRP6FAH7	\N	52	tobias.otto@jodlgang.com	Tobias Otto	f
E19603K12XQLUR7BGTISPJD0KM2ACJGOWIFFT5WW5A1M34KZUPPW8LNL313IF488	\N	53	annika.schumacher@jodlgang.com	Annika Schumacher	f
37ELB2MB045O3LJTFUSEMFOQ7E89YBDKST9XV2VXGOQCVV4E539ZJBPLZDA9SY55	\N	54	melina.kuhn@jodlgang.com	Melina Kuhn	f
T5IIHZE17FDTT34ODR6X7LQSBTH8WS0QPAUVA9CLS5L3TS8XYDN55YVX8S2FWKMQ	\N	55	julian.schulte@jodlgang.com	Julian Schulte	f
JLRGNWL2YZ9VABXVHH2FFY4JMJKYUPWHS56YGZLZ3RFMVW9P5PHL2VAFK52HNK4G	\N	56	ronja.sauer@jodlgang.com	Ronja Sauer	f
X6J7H4ESOQ8L7TGMBF6FQB1Z2IKD8PIU3DUBTL4MWF8VVDMFBVAJ1GTODZDD1JVW	\N	57	lucy.kaiser@jodlgang.com	Lucy Kaiser	f
HRZ5ZGM8PF2RM0KATF9I2QQM1P4VPOE76QZ0LCSZAMABCLCMOKODBA94G095VQ86	\N	58	jule.schreiber@jodlgang.com	Jule Schreiber	f
C67QZ2VQR3AZ4UGDK40UJWG9ATV3ZZGHTW597UX46OM6ZIUFMG4WZ3KMJYUYV8VA	\N	59	simon.becker@jodlgang.com	Simon Becker	f
T9VGO91CI392ND471JPXUPG7RT4LN891SMKYDM3R3UMSQW7UPXT546W15ZKZZE25	\N	60	theo.fuchs@jodlgang.com	Theo Fuchs	f
64HVNVZOBV46HP8G0E36Q8MPTSZWUUPSWRCLO382Z4VNSYMB1ZSHR4QZK30T7Z1Q	\N	61	bastian.guenther@jodlgang.com	Bastian Günther	f
ICFZBVN4BSRAFD9CUU5VDVZGNZO9A08RJQHVT6FO2YUZI1RYSO7HAYS1CT2BUO55	\N	62	mina.sauer@jodlgang.com	Mina Sauer	f
E8XHPLBUH1RIE6OIEFJGCYWME6TODQ72NU5193AAD3DY7PDVT2EYYCUN2O7QTCG7	\N	63	erik.lange@jodlgang.com	Erik Lange	f
71ISU5JG54YFDE64SY0EL1BYZCANSHZ5RYFPGX7TD006EH3ZMF63Y3ZGIEMBETH4	\N	64	david.hoffmann@jodlgang.com	David Hoffmann	f
MJ4INQCNVCHA1U7N6S9DF45ZZMKXF6IPW9LX6OS9EKBL68B5DQBK7W7YH1PIIA02	\N	65	lucy.koch@jodlgang.com	Lucy Koch	f
DXXPF5SKRCOJUUP63V81J3DKXVPL58MNHB1SNWD2QGT8V02DW3B8BNLTB22M1JGM	\N	66	emilia.busch@jodlgang.com	Emilia Busch	f
SENPGGB7OI88H94M23KJWQE995DWOATXVKS6Y2FWV0UNH1LOVZGOIMF75LHDP2I4	\N	67	levin.baumann@jodlgang.com	Levin Baumann	f
DALIXT3WTKFFYT8GS9S6ILXRNELNXGX4NKR0GOB8QYZAM7DIE4JHBCLM6ZKX20DX	\N	68	johann.schroeder@jodlgang.com	Johann Schröder	f
RMGJIYX5MM4CHZ823QOC2UPQ3A2GDRPRSDPKN1JLM5VX81MG1LFK1W14W12UHM93	\N	69	luna.kraus@jodlgang.com	Luna Kraus	f
6CS1FSXAM0RLN2TIV1G4EV25NDJ2Y04JOPJJIPZW85F30YID3NDK03SSUEDLMOP6	\N	70	leila.thiele@jodlgang.com	Leila Thiele	f
ZNZ1ZC1GRJLUZFZIFL4QZGNLU2KQ6556T97C0CRU8TYSFVX3B6MG1DSI0PH80CV8	\N	71	lotta.guenther@jodlgang.com	Lotta Günther	f
3Q715GC0K6ERKMEG1H2EBAMDQ3XTFL0U8STVJPXIOHVXL38QA64GNA0I88UYL1SK	\N	72	noel.jaeger@jodlgang.com	Noel Jäger	f
A44R8CEMVNMS1CYL54Z1UHTM0STLG975YOV0UPJVJ57SASTKMU7SADSFUNBQB4I2	\N	73	yasha.ziegler@jodlgang.com	Yasha Ziegler	f
Y6ZXF7IVEK00DUF7DCFO9RB9ANF8DGBJFNXKKMM23EWS3CG8MX87AADECMYP1ECN	\N	74	malte.orlowski@jodlgang.com	Malte Orlowski	f
U3X1PPTSPJATAJVL6Q3QNDMFL7M47QCV1G3O3YNFW7998FQ23007YMKKSPNJ2980	\N	75	merle.koenig@jodlgang.com	Merle König	f
81IA3ESRYHJ4COID5JVSVZ8Y49C8Z1NNNC06BG8L07K9ESSX4YXRQZXKWK6YLDGG	\N	76	maria.braun@jodlgang.com	Maria Braun	f
J2CB4WR2RLAVZXZ30ZXCBL3GSSHTB23MNSF1U8PPA89GNLAN6H0ORYL1RFHA0G83	\N	77	nick.zimmermann@jodlgang.com	Nick Zimmermann	f
L73P9FVPUXTXGAQ3STAWXB6B44DODVSEQCNXEDZ2A3EQOTVOX99MZXXQE5GN1UGZ	\N	78	aylin.vogt@jodlgang.com	Aylin Vogt	f
3WTK61IX5UNBSJRJAXIGGIKTTUL9S5SG7X4O3FEGI58781EBDQOEZZJV2VR21XCN	\N	79	theo.berger@jodlgang.com	Theo Berger	f
N1GYUQ002CHWPLDCTQMQ66CP9PPJZTFYAA090105OROTNFO6R0PMK5134L4XGKQ4	\N	80	mila.ingerfurth@jodlgang.com	Mila Ingerfurth	f
AF3V8BLC8AS43M6D2D7GAZ2YFVXCZ4RGTJ8B0A2O8HJQCCSWDUKWYQLSN8QHZ4B0	\N	81	adrian.teichmann@jodlgang.com	Adrian Teichmann	f
BB8L4DQMBV3DA2I6HIL3R8EYOHB2E2BDM98EQR2ROJ7J0S0V48KU1RK63UFRHABC	\N	82	jan.heinrich@jodlgang.com	Jan Heinrich	f
A1E1NNZ8JURECCAU97LSZEZ1POJEVZ3HAUV8V82V9K4JOUFKRSQCJGL019TL7C6Z	\N	83	helena.doering@jodlgang.com	Helena Döring	f
COA3MYL1U966T1EIOVPSW9VKHSLDI9A64RUX2OJDTYCJVVQ3ZWIAKATFYPW80ZFY	\N	84	finn.jaeger@jodlgang.com	Finn Jäger	f
NQLOI4L92JI1SWKIBGGNX1U040PSPHHE3BRU66XHFIRV65ZB7OROUUSO55LIU0VY	\N	85	emilia.schulze@jodlgang.com	Emilia Schulze	f
ZN73QPC3FB42R5X19G8EGJHIRTCIAAZRJ7D3GP92C2R1TUMETNTTG6SKK5VZKG5D	\N	86	nils.orlowski@jodlgang.com	Nils Orlowski	f
H8X1KW5CESTU585P5QBECBU97BA6GBIGPEUFDIAJ5G26HYPFXN1Q2FMR24G4V0O2	\N	87	dominic.christ@jodlgang.com	Dominic Christ	f
95MY8Y8VBH9B2MOUVXPWCT137DE3NXUJ6NOEUA6OPSGOFFWZUL9VM8I27X8FXTOP	\N	88	mia.engel@jodlgang.com	Mia Engel	f
0TICYABFOT5FAKCT89JL8AU2ICTUXHUMHFCV9YAUTBGF2AIPSH8WAOW4NGJD70A7	\N	89	yasha.sauer@jodlgang.com	Yasha Sauer	f
AQ67T1Y3CPFCSCHACODMK0YJDS3KKU72ZHXPP5XIAKJTV3E1CTN6DOCGRCWCLN09	\N	90	moritz.brandt@jodlgang.com	Moritz Brandt	f
PBK779TFAPQN4SDX6KQBL39ZYUYLU1VU25HC2GUHDA9CIOAFFDQHML57Z5J648F2	\N	91	aaron.winkler@jodlgang.com	Aaron Winkler	f
4WRSCP6O6FAT8MXBNMD0W7T93YADSIDQQ19YPLDDOQT7DGPKIAIQH3WVFMHJDWOR	\N	92	vincent.fuchs@jodlgang.com	Vincent Fuchs	f
HJZTYS42AT22TN75YY0OPE96A706DVODINNRNWYJYHI0FF6LJB3RZ4F48ZA9PB7R	\N	93	xenia.huber@jodlgang.com	Xenia Huber	f
L823S3NVA7OR8Y701GMZ1EE7QONQFM0D6ULHU043MG935ZSSKHOBSGHRDF3Q4QIZ	\N	94	maja.doering@jodlgang.com	Maja Döring	f
AZTZ8YDDDM20SSD82K5K8WR26IN7RVA1J3XE6DEZCIRDPMQTS36S5D2S4MRW2UYT	\N	95	alexander.orlowski@jodlgang.com	Alexander Orlowski	f
GWCXRZ546GV652JMMH6DDBRBAMXGR6R9H3RW3G3ILBF739FQBKNBZAYSY7R3DDWY	\N	96	jonathan.christ@jodlgang.com	Jonathan Christ	f
L5ZO95GQ8C01C967Z4CJFC5WZ95D9MGVKROB7RIGR4AWVUSS9IYM69OYM1VR5KQC	\N	97	jamie.weiss@jodlgang.com	Jamie Weiß	f
2RLU5CAZIA0251M37CWDL3FIV5LLMF9BVGHPXLVGN64Z6QHIPOP6VDDME3XTL9CC	\N	98	alexander.kraemer@jodlgang.com	Alexander Krämer	f
91G9V630JI6BGUEATTD92HWQRPU3BOLPJ0PM6IR3GYA3A4KKD56RX4XX0SMPAW1T	\N	99	hannes.graf@jodlgang.com	Hannes Graf	f
2WIT7878IU3Q9RN9KNA1XBYFTRTIDT7IA47ZWHUOACW0BYDYGX88NLGNB2KTBAXL	\N	100	theresa.beck@jodlgang.com	Theresa Beck	f
PYF8GL1YND7WTRDYW7PRCA08ZGR8J7JCB3M9FHHWMTK11MELSQ5OP33XSLAB9C3X	\N	101	rafael.fischer@jodlgang.com	Rafael Fischer	f
RU8ABDSR96FLEDAJ2F57JI2QJJ2MWD2884SUZG7ZFDKCXD41SUTZHMJCSAJ91VUC	\N	102	stella.gross@jodlgang.com	Stella Groß	f
MKZYKF9NVATGLHYGCZATN0Y0730I3XQHLG6FT4THN9L0ZV4RQ9CON155STULSQ1U	\N	103	emma.beck@jodlgang.com	Emma Beck	f
9BCFLGCC3P95RBSDDCIGJADKLODPI5Y668C2ZA4IDEMT4CMY7VHBVQX2G0VPK26I	\N	104	julia.guenther@jodlgang.com	Julia Günther	f
5SN2Q9X5ZIEW1J1PG8U6HIA4WRE7333GFTEFBFJ40ODB7QFEBD5NY0U8XOKLOH5A	\N	105	jasmin.friedrichs@jodlgang.com	Jasmin Friedrichs	f
MPIPPBFLQLTP2V5TYBNTHAVNN4HXVPK1BS87HYGJ8RCWHJDY08R0UOYDSFSSH6AS	\N	106	linus.schmidt@jodlgang.com	Linus Schmidt	f
99ZS1X6AG9B29SYCZF9ZBVCLM4Q5QFULGFJM62KNC2AYQUMJUNWL03TXZ7GBGMBP	\N	107	maila.nebert@jodlgang.com	Maila Nebert	f
GQQ1PWWR8D1ZSPBPRS4ASOWSPZW68IPLMNMI9VVZWA1C4QQ0XMTB5V66Z54QCZS2	\N	108	merle.krueger@jodlgang.com	Merle Krüger	f
EL9T1BCKFB7ZVEFMLTF4VQ332XEXB72C51ZW4YQU1H04R484HL7FEIWM85WDAPWU	\N	109	xaver.horn@jodlgang.com	Xaver Horn	f
G8M9Y1CM6RQGWPUSAP0I5RE1ECYQ6UPMJAO0JCMVMJINNC6Q6NR0SB9EQYJYRQL1	\N	110	marlene.herrmann@jodlgang.com	Marlene Herrmann	f
EASPHKCS4V07PE8FSSGLM9IE001QLGCX56KLPSR3VX54UZPFH5WKOIFVR4WLXK1T	\N	111	clara.graf@jodlgang.com	Clara Graf	f
UO4ZME4EYRQMHF5F4N6QVV9U9W38ZRTOJHOU5GMD0OQBE3KH7P0W5DUOAVCVSUHN	\N	112	john.schaefer@jodlgang.com	John Schäfer	f
AQ2VGVBV4KXLQJRREE7Z8G02MBYNJ07FVMUUWWU26ZA1Q2BXPHSN53JSL2Q4CIDH	\N	113	thomas.jung@jodlgang.com	Thomas Jung	f
8EV0CVK1R973UJH0L19V5902F989ZTCITD1JRWRTO0GHPB77UTLV5IZKWJURG67O	\N	114	zoey.sommer@jodlgang.com	Zoey Sommer	f
NSM6CTYJLXME8TPDNL0QW5Z1QKOV0G6BYOKO0H6F7IZHT8M73BBUG2MZAIAJABK6	\N	115	antonia.lorenz@jodlgang.com	Antonia Lorenz	f
OHFGI3MUD7KKOBINF3GYVHYAW0V12NROL28XKA6ISL7B4BZKH6X45VY5BGU2U750	\N	116	julian.kuhn@jodlgang.com	Julian Kuhn	f
H4LE2XY07V5GKVD5D8HMEDJRRW7P2DKPQW3JWHVD9FAASCGJVUOLW9P1U0XV50XZ	\N	117	damian.pfeiffer@jodlgang.com	Damian Pfeiffer	f
286V6DMO01ASU9Z1P48KGEMI8C7TU9JSDE1HSO21NS32ZP85KQYUK95S3IENWWI4	\N	118	lina.berger@jodlgang.com	Lina Berger	f
85GTGWMA0FKXD4FJSJMD289G0H7XYZMPW6VQF358DEEPOK8R876N3C9CMYSGMI7Q	\N	119	colin.bergmann@jodlgang.com	Colin Bergmann	f
FG6X1NLGU731XKTEO7OKUECYN79L87QD4FCENCVMFWVB74S9UE0EHY3OQJTD7H83	\N	120	carla.albrecht@jodlgang.com	Carla Albrecht	f
J1Y94FE0VC67D0OM9I17UMRCVGW7GZ10J8YX7XAZORP54WCZFE4HNQGYW1PQZPVO	\N	121	sophie.nebert@jodlgang.com	Sophie Nebert	f
R70U82VJ7ETP8O128FPD2AW067SK58CFMSGCPD49NN3CUQ2ZYU6EFO69T7BY3JYN	\N	122	antonia.krueger@jodlgang.com	Antonia Krüger	f
DDJ54OMGJP6JLDJIF8ZBEGVICD4YPRK9FDXS8IWM4CEM12UUBLK0I9HQ8W3A5D5T	\N	123	mattis.kraemer@jodlgang.com	Mattis Krämer	f
WQU9LWMNINVT4SW5G9M9LN8ITTTDYBLJ47Q9TTTQ4Q9ZEBRQJQRPGRI744IW9OB5	\N	124	mathilda.becker@jodlgang.com	Mathilda Becker	f
B9KAQ6ZZVIO9QS54579W7OYK9L4RMHPHB7JPV8JFN918TEVSV70B1S4MQ1TN50E7	\N	125	toni.richter@jodlgang.com	Toni Richter	f
M0URRY9UH0B5YG29HN8M1RG9WV7O3V0YLKQS3Q66OM9WR937TXGBUK5Y14BOAOQA	\N	126	mattis.krueger@jodlgang.com	Mattis Krüger	f
WL62SONUT8Z39A35Y5H6GJZN1K72ZALY5HKN6RR9RB2DJNT3XHYM7NS5GL0IIFSE	\N	127	tobias.berger@jodlgang.com	Tobias Berger	f
0J5TX8TQCGY6KQNNX5TQCA96XDMH7FMUD4PUZ9AH77GC2Q9UKQ2UMPR3GYTRFZDO	\N	128	nico.berger@jodlgang.com	Nico Berger	f
OTGDFDUOL07SJFH0JAJ0VIXRSVTM9DLZ5J5ZTI9V4T8UUJGEK8C3TQKG7WU50N7U	\N	129	ida.zimmermann@jodlgang.com	Ida Zimmermann	f
7S1FQ9P430JPTSSQWQZUSGK9NVD3770PDW1F9AFX9SHPEL1PW8MVKF0SKH312ZTW	\N	130	elisabeth.engel@jodlgang.com	Elisabeth Engel	f
P22NV58YA5PMXHCF2K01KHLFZUMNQRBVATFE0C9XLLVKR4QIUYOPWWA27DSD6GG9	\N	131	lucy.lehmann@jodlgang.com	Lucy Lehmann	f
VZOB7T8RTUXDEWKDFQ0GLDP0YN4KARKAI8E839IGT17KRDLCQVK589JTE1IGVB60	\N	132	leni.baumann@jodlgang.com	Leni Baumann	f
EYR9WT3XKI4N5FPAD9FAHB350HJM5MMY8HWRG9YBWAJ1NXYF8GCPPGBHOYWB3JAK	\N	133	lotta.thiele@jodlgang.com	Lotta Thiele	f
1PBYKD5ODD9T8H3E11W3OJSO6L5EFCGM0X9DQ10370C5HJHQ83WPZBTGL5T8OYUQ	\N	134	gunter.schubert@jodlgang.com	Gunter Schubert	f
BBHFN5GXAAR7H6PVDFW381WDQX38N7LCQ1JYTA60JEXC6CQSLWXM3SNVEPKX0UUC	\N	135	maximilian.koch@jodlgang.com	Maximilian Koch	f
Z8X2I8T23OTSXFU2Q8H2N4CPTUFNDLP7P2IQU1LXSJTITPAG0QATOQUKOX2VFLSD	\N	136	hannah.koenig@jodlgang.com	Hannah König	f
77XIIG3QUAN4XJ5581QTYA0B6HQT20ZV2BII0ZY7DNLHG1DIIS94K2C37MT8R7O4	\N	137	elias.pohl@jodlgang.com	Elias Pohl	f
MNAL78QISAOGF2AKMM6S9G60V0T7C1JK4F699R9JKV46VWDUUC35IZQIB2HZ2BDR	\N	138	maria.peters@jodlgang.com	Maria Peters	f
ZZYHLO5HMXSWGG34CES74OK7OWHPN56S8J3QAE4Z53898W0TJMMTEREZ13BGP2UD	\N	139	carla.schulte@jodlgang.com	Carla Schulte	f
OM6D1SNWMYIM5ANJJ3KSUU2YWMAPFFA2O9F8Z5MW15MX0MABOV10M02VJCL7XTYT	\N	140	jan.hahn@jodlgang.com	Jan Hahn	f
VZT9FJCMSC2ZCO86S4MRSST1RY8SKNZG443YUR6B68OQ6DJ0WSKLC8ZE9QEDYVKK	\N	141	leonard.simon@jodlgang.com	Leonard Simon	f
Q4ILWRVRBL4A82CKI57OT8PUUI696RK373YE3KKJ2N8S20HKR6JUFJDIOI8EJCO1	\N	142	stella.simon@jodlgang.com	Stella Simon	f
6LW48UT6D7TBMOM2DL7V64XRM5TEMHD6GWUMSG174QK167WYOKM6J55RFMAK0HF0	\N	143	paul.kaiser@jodlgang.com	Paul Kaiser	f
HJLO87AKY56JYJ73ZFLFMW1V4MFR1BKUPQNZ3K9XPIY2BF7F4QL2WXWCH8CDUFZ9	\N	144	hannah.zimmermann@jodlgang.com	Hannah Zimmermann	f
HVG0MLRBMSUOWC6JA3N6MUYWOG00KSL6IP53YHUYQ14J2KED9ASBOUWR33UZRK91	\N	145	nele.beck@jodlgang.com	Nele Beck	f
IJZZ460HNLKGKKEUYDCLRC2S6QHIDC04ZX62Q5WTCU45XPM3HDCV62VD5DNKUWJ8	\N	146	timo.kraus@jodlgang.com	Timo Kraus	f
L42X80MZU3E6KC9UQBDGX0TMDLBHER4581H96E8X2GXAZ9TF5K21KDFTRV568D6Y	\N	147	maja.sommer@jodlgang.com	Maja Sommer	f
JYOT8TVWGSTXYJXTLMAP12LVKI4A0CQW88YTPYK6MWWLTRH2ET26ZTXW32VK1B31	\N	148	alina.schroeder@jodlgang.com	Alina Schröder	f
FYEIREJ0Y7GKHTCZCS1E974C1XBV4CL7WAETDXIADUGXJKLX9KFUKFLY793MIFYJ	\N	149	jule.becker@jodlgang.com	Jule Becker	f
YEBHCIRNVNXA2RX4UD3A9K16N7PDLBVQKBD91DGXSPYD8WQWMDNPD8A4V6D6PNKT	\N	150	justus.ullrich@jodlgang.com	Justus Ullrich	f
5CRU2EZ33YVUNEC1SLM28C7CFJZBPQKHOT5PNPDS3RP9O735XXMCSQOY1MMKKX73	\N	151	timo.bergmann@jodlgang.com	Timo Bergmann	f
2IO3Y2EUZDJBRQFZYXH0EQUIUA4L5C7M19DOSY1T1AQRHFFPW6NJ1N9SCBAHO68V	\N	152	yvonne.hoffmann@jodlgang.com	Yvonne Hoffmann	f
K5Y7XIXIRTY0WK2JNXKC7BGHPYU6HUC10QCHX7VQHH7TCWXUCVQ36V2VEJCZ34N1	\N	153	sebastian.lehmann@jodlgang.com	Sebastian Lehmann	f
C0LSHMDZSFI3B3A7GBTKRWIHTK6C6G80R8C4IMQ0TE126LH9RIU46DM9BDW6A6ZJ	\N	154	marlene.schuster@jodlgang.com	Marlene Schuster	f
DHOZOFCXRKJCAQA2XKHM3I3O89DKRSOH8DGVRFXODD3DJTGN2HVSQN5JCBWBSV6Q	\N	155	lara.boehm@jodlgang.com	Lara Böhm	f
3RIY6C6DRLP1UJLI0SULHYDPSY9CPHZHDZWGP9O7LQ3L1EMXX2YW10NX1O37ZNKQ	\N	156	rafael.bergmann@jodlgang.com	Rafael Bergmann	f
DN6P7WSTR8XZECN52B027XGU1H2E0B0YY7BDB7JRZJ200IAX6CR3RFM0D7QLQJHZ	\N	157	phil.schmitz@jodlgang.com	Phil Schmitz	f
WYLELC9KDQEKIUKQ1Y1X2ZZ8Y6PU3CZFRONGKDDXZ7VUDWAB2GKTJUFRYE6T3A7J	\N	158	laura.schneider@jodlgang.com	Laura Schneider	f
HGX62QKUATQI9JDDK4231VLKVB5HTL255BTWNTF709QLDLA6M76DPN0H6UFCCZXJ	\N	159	jannis.vogel@jodlgang.com	Jannis Vogel	f
IQW8WF2FPLOI8W6KXVEFBTU24IVGGWDYNG7G8GCG6IGRTIWU3HPI5S80KCXRIHQQ	\N	160	linda.lang@jodlgang.com	Linda Lang	f
C5105O42X6F43RGLI06SBSK07DBZRDQV0NKVDIS74Q7KO0XDCDAKI45JY9S8WEB3	\N	161	wenke.ullrich@jodlgang.com	Wenke Ullrich	f
SDBQETMQ62AY0HGOV2P8KUU7HO1723D55AO7CCGJCXJ40MNB6EHLD1DD3FGXUC7V	\N	162	ann-julie.schmidt@jodlgang.com	Ann-Julie Schmidt	f
78C1C7APWFXTCJ9O6BOVZ91P534YE166V0YZ39JXA8KBNS7TBLYW8V0KVNX9OTUE	\N	163	benjamin.bauer@jodlgang.com	Benjamin Bauer	f
O507K3V9BW5V4LPV1EMR6HFAHN6L3ORUH1VVM4FING1N3EW11STDHNXFVQTHJKRX	\N	164	hannah.weiss@jodlgang.com	Hannah Weiß	f
FBPOEQ2705M026AMFBVCV1R8NOVZLLLABKZP0W7TARW4ILM97ZO743M713SMMUMS	\N	165	sina.koenig@jodlgang.com	Sina König	f
QUNUPDMEUGOFV7SXONV82ZN7J8ZN4ZRBGF60T9KOQMH2D4JQRSZACZ2CSECJ5UFY	\N	166	nele.schaefer@jodlgang.com	Nele Schäfer	f
C8COATNZHXG027FWWQ9M7WG3QDVC28AX3AD85NHDR3WVIX3BB9GZGVYUZZH3HSOJ	\N	167	jannik.pfeiffer@jodlgang.com	Jannik Pfeiffer	f
RI667YI26LL3I3OUJLDO3FBSNSTWEMR3JUZ9IYD1Z0AN7SDNK88WGGS69CUGT7CV	\N	168	toni.beck@jodlgang.com	Toni Beck	f
6D7C0M52JRU4IGXKSDA4GBFQU38OP6U953HE17O1YPVGV7X1UQO3OG9MWLD8R5KL	\N	169	elina.schneider@jodlgang.com	Elina Schneider	f
OYZNUJCDHGHB9OMMPATX2D4476J9A85P3LKB8RWYT9RN3S9ILYO9O6SQ8T1L333I	\N	170	mats.hartmann@jodlgang.com	Mats Hartmann	f
FQM8PLQILXLJ8EVRR61BPKM95TVXKUTX8GU035MNDX6KV6151W3VAFG4RV74QW32	\N	171	romy.dietrich@jodlgang.com	Romy Dietrich	f
YUKPQ442RCCV830TYIVW65U1N6FEOU12BCL7ULOTKCLR1MGG1QJZRCJUPU5Q44YT	\N	172	florian.fuchs@jodlgang.com	Florian Fuchs	f
AB2KALUR3Z9T0G63KG8JD6B48QWFQSQ9TKGV74KP9U12V4L6MJVF2S9BBIYG3Y25	\N	173	elias.scholz@jodlgang.com	Elias Scholz	f
5XP2SHF4432VOPUJYEUKPH389MTCC17MJ9UF3DMXXVS2YAQDLD9TZFVEDA36UEPR	\N	174	mathilda.otto@jodlgang.com	Mathilda Otto	f
GVU8QMI0I1064SLYM32PJ60POHT9DEUCP9CGSOQCYZGV60FNDCJB21PSCCK1SXGV	\N	175	lian.wagner@jodlgang.com	Lian Wagner	f
T8G9VROIO7H7KWC4GJJBP5MZ1FNXBTVEE5GDO6ZOYORLVY56YTQXKC47EZ6OFBVK	\N	176	jana.schneider@jodlgang.com	Jana Schneider	f
89SI4FKUI2GPEIIJACT1S5R9CD6BK3HRUS2CQAUYRXSLVR1GOMUZDMJSP3XBKBLI	\N	177	helena.orlowski@jodlgang.com	Helena Orlowski	f
PQ1QPMXWAO3ZSNESFTY7SKB1R4NK89ZACSVR71KLCLR9JBXVKUGI0Q1JGQKHEUN6	\N	178	julius.ebert@jodlgang.com	Julius Ebert	f
YZORBJ9RULM9PHIJG1LWY6KBCAZA6WFSQF6EFGI3TTD8R6S3DZ1KAPJ6JTY2PO19	\N	179	melina.fuchs@jodlgang.com	Melina Fuchs	f
RW5DTTNW9VE79N2KCM1JCLP2FRZK5TTVA6HX5SQE854D8Q58JZRUBUYV7ILTJBTO	\N	180	nora.schuster@jodlgang.com	Nora Schuster	f
YHM7IOYNU0SKNJGV7Q25A0O1C5YFSYTTNB0RS3U5RACEECTED8QT8MWNSX5XEX4X	\N	181	simon.ilsner@jodlgang.com	Simon Ilsner	f
VSDX07MI1CNQORILXWXXWPE3RRHLEURO9XO136DXPGV853GL1ANFYEL693PL3EKZ	\N	182	jasmin.maier@jodlgang.com	Jasmin Maier	f
TPWDTU08H4VT31F7TX0R14LYUU5F6EL4J5I45DZRFCBNRTI1BBDG8XI3UFB9DGMH	\N	183	artur.voigt@jodlgang.com	Artur Voigt	f
1NGGUO23EG00L9ZHXUE9WS2XGA2FYHUL31896WIG32XFOPO3H76NNU66TA7MXPJD	\N	184	isabell.arnold@jodlgang.com	Isabell Arnold	f
RL9CF03RUEOY33MQP51RGRI93DYPTNKFNQGNWG4Y0ARMR72HANPE4O2OQGLCTL7H	\N	185	celina.fischer@jodlgang.com	Celina Fischer	f
VEBNZQHQHGFW1ZUDK8TIEKMSKLKAKR5UZZ0J6SH00DCAVX9D4JXPHCI5VOK4U8XI	\N	186	jayden.hartmann@jodlgang.com	Jayden Hartmann	f
9MK8M3HJDX3O8AVGB7XDJV63S53OY68IED43AB3UG8R4GN2OJ9OQQEHEHN558BD7	\N	187	benjamin.lange@jodlgang.com	Benjamin Lange	f
EUHTYIDQ7J0U7A9L3JJKMG2T16YL9G2FDQYZJHFWNXXI6J0QWHYLN4QIYVLAAMRW	\N	188	martin.jung@jodlgang.com	Martin Jung	f
HR1L5PDCKJA2PT1TE0KSNQIFVDMJJ4DWOVD6G0ZJ7WNHO14ZSAKDSL7G6XDGFT4A	\N	189	jule.vogt@jodlgang.com	Jule Vogt	f
KD0BJYI41WDDXEBMDHCS2V9K33U8BRAGSIQQZQQS8W49DCD7QL2S9VEKAB4YF7MI	\N	190	martha.walter@jodlgang.com	Martha Walter	f
4I46EE1CTQ5ENHMVDHNLH4ORA4YA3EXUXCF9858Q8VH1RMIXP4VI6WCEG2V6DVMC	\N	191	jolina.hahn@jodlgang.com	Jolina Hahn	f
5Q8MGY8MMAQTEUI2J2YBC2ZCV2R89QHYS0QVX6CHZ4HJ6TM0X2MYPPGVE5K01EOM	\N	192	paulina.koch@jodlgang.com	Paulina Koch	f
W5K0WXQ91X4W6I7Y94XWY2IIRQI7NQK17YMARDE0UCQJOAPE9BUQGTGC3XAPCEAS	\N	193	sophie.kraemer@jodlgang.com	Sophie Krämer	f
02BJSIYCLZ7E7FC3RFZZNN0A4XRIQXU2JY17GYGQMY6U2TEH4KEUHKL7TS215B74	\N	194	benjamin.albrecht@jodlgang.com	Benjamin Albrecht	f
M376BOO715RJ7NFAIQ4M30BX5HH95VBKDQJAJ8XZTL2XK80D8DQUBYB7JGE2EZ2E	\N	195	julius.keller@jodlgang.com	Julius Keller	f
0M7YT91LLCP7NQ6Y33A3CYCN7BZ3EZILWZS7TPZDY7BJCB5S9EL6H8C6O4SEPK0W	\N	196	liam.ingerfurth@jodlgang.com	Liam Ingerfurth	f
0EQTRQ1LNUR2E5224GSJIYVR8QKQLCKZ52BHQ1LVRRE3BULTPX9TWRMBTY78ZFN5	\N	197	greta.richter@jodlgang.com	Greta Richter	f
ZMRZC8NXAMMP1LIBG6SV50MXZSDEM6EI5UGMLN15EGUY7JFDYNQJX0KZQOT72GTU	\N	198	pauline.krause@jodlgang.com	Pauline Krause	f
XM813A34H9ITWX0AR23PSKYEZYF90DWZJEUPUO0LXJBZX2F2DAJ0GCP18KOFIVVT	\N	199	julius.ludwig@jodlgang.com	Julius Ludwig	f
XMP8O5A8FXJ8VOVB1J2MBIKHSXVQGV28464UUVTLBRJDNH7NL48T6IW4ZG13G6FY	\N	200	nora.doering@jodlgang.com	Nora Döring	f
5GYKGSTJI2F0WJR7MY5A1BTT19ZBGYRD315HHKCANG6WC1SCT7K32TLPQ3H09MEV	\N	201	lilly.meyer@jodlgang.com	Lilly Meyer	f
L5FZITOAYPR4QAP9RT88UL9UBT134QOV9AJRMCU1AN7HHEUJBJDGU686ECKJUKJJ	\N	202	artur.krause@jodlgang.com	Artur Krause	f
MT81ZDDMG6TDA7YYR1L72GPNDNFD9BTA9DYJGFE1BW0G6JZ2DR0AXIGFQWACXR7E	\N	203	jasmin.kuehn@jodlgang.com	Jasmin Kühn	f
QXJLLHBCUIYOITWCMPIHUA59RF1H6HAIUBBN0C5S5LO6AY8Q3D9XELUSLCRRTFFY	\N	204	liam.franke@jodlgang.com	Liam Franke	f
CYYA98VH8PFT1W6ZL20NXYRV2F07DO9MTBZHRP2SZYHA0RDHNHDLJZI9NMDBAJ28	\N	205	malte.kraemer@jodlgang.com	Malte Krämer	f
94B1FASLZJ8FVXAY3XJ5JM0XG0OUYJML8RI4GXFDTRXMAXU0U9OY18IBHV2HD0FD	\N	206	toni.nebert@jodlgang.com	Toni Nebert	f
2DKF0X2765OTS3GW97K4LKIHM8RPSLJU1ZAU2AFLH2WY73116R1UC872BDYMAI8L	\N	207	wenke.engel@jodlgang.com	Wenke Engel	f
523QK7LBQ3FIYCSHQNG8NFXZ9QDMSA275ALFK0CJI363SUA02J0S3G75P3S7WP33	\N	208	lea.lang@jodlgang.com	Lea Lang	f
VXR1KOJER53QCVULXWP1EXCEYKVC6IQB5LK24V5KXB1W52GF12SG92SB3VVGOL5H	\N	209	anni.jung@jodlgang.com	Anni Jung	f
HUO0RWZPKQBDKVJBY712KS1MQVLWSG3TLGLU89J3YFXWQT7MPIOURAO0YSVGX1LS	\N	210	maxim.hartmann@jodlgang.com	Maxim Hartmann	f
4I9LYE6DHSKCF730MOK9WG5RV3U8OK57K7D4XLX0AIDTATRFHY1QVU0MH40ID13B	\N	211	maila.thiele@jodlgang.com	Maila Thiele	f
UDMNJLR730YLWTSZO29NV5HECJKJLUS9LN8A9VNVX0LXVK8ZUK9CL8JMZ2W8T41G	\N	212	jason.winkler@jodlgang.com	Jason Winkler	f
BR5EA9WYMYWM6QHAYLELH5Y900KYV60QDKJEQN2J4S9KRBPHU224N9RNSLJOTFVM	\N	213	mattis.koenig@jodlgang.com	Mattis König	f
Y580J4BF7FZB1QEKOZMD2ZBHGCKHKXWO6ZNA2BDGFOMLGBCJL8VUA9IZ0E9IQW7P	\N	214	helene.koehler@jodlgang.com	Helene Köhler	f
87YK2UGR70Z2O7LMK19ILT4SEX2HXBRBUZY5YBBOTVI2AQDOCREX1ETYJ1Z31PIC	\N	215	magdalena.schubert@jodlgang.com	Magdalena Schubert	f
4H9IH89I3FX396B532G4PZ2AIXSCW31HLYSLV4JZT7TXQX0XS9TLNY7WZES2AMKN	\N	216	johannes.schuster@jodlgang.com	Johannes Schuster	f
BIWI372PE3DHLTL33EKRKYB3F0YH4VFUN54RE1642G3UPP987TFT8NNFVZYANO2Y	\N	217	till.sauer@jodlgang.com	Till Sauer	f
YV38FP222SE3ZA7F341B4LO8V31EQ2XTDW9LAURELAEUMGETKDCLHEJOVE7Z34WO	\N	218	tobias.schmidt@jodlgang.com	Tobias Schmidt	f
TP2OGFOAGG0S7PMT9GRAWE7BBXOPM5ZRUZUB3GHE5HZBDY5MJGLB6OG3Z7H1D4FR	\N	219	tobias.gross@jodlgang.com	Tobias Groß	f
METGA5D5P81J4K5EUO253HRG9OC4MM5MKJ9FCAMHDLOHT0ITNWXDBQ95KJU07NJ0	\N	220	colin.boehm@jodlgang.com	Colin Böhm	f
V1SJPPHGGVTKFVLKOHOUTO7EGO7K66FQU4V2OFDI6WUYT27RQT2L670XXS66KWOD	\N	221	ronja.schroeder@jodlgang.com	Ronja Schröder	f
NOLZMKMXHBLGS3VMYS004WCG7FE9D1POA9KVCD62HOXUI9E8FEOSLEVUDQZMONNN	\N	222	linus.sommer@jodlgang.com	Linus Sommer	f
8J79EONBBO3L6LQ7PFEVKKBZWMZ2MFLBHGZI0O0ATBAJ7BXO6CBVU5TDTGFDI3K2	\N	223	dominic.baumann@jodlgang.com	Dominic Baumann	f
IXJ1JANF9T1KPL15QDF0F9A5Q6A2ZL1QUGDM00RWXNMZ78MJE24Y82XPS8C92URA	\N	224	jasmin.krause@jodlgang.com	Jasmin Krause	f
AVUYMEI2U1THDLA5JJCBJNE3RWLNOVZY2YL8PHZVLBKJ3WYODBZ5KYBQFVFQORVT	\N	225	pia.ingerfurth@jodlgang.com	Pia Ingerfurth	f
L1CSBFVHQ6IJON03ET97AKI30F2YS1PDWDDNSPBJVQN9Z91O78PJHTA5R41UELXU	\N	226	matteo.fuchs@jodlgang.com	Matteo Fuchs	f
M2P2VTR6YV6M5R7ZZ3M2GMFVFQDZGDS5QGVEJX1ZAFWIZ9SMJVBTCIDHQZ7798OO	\N	227	jona.berger@jodlgang.com	Jona Berger	f
G9O0M89UR9WURD6KSTRUE08ADTYUYO1VQCAJ5IRE55N0SBISHDTKOKUC4O18HG87	\N	228	wolfgang.orlowski@jodlgang.com	Wolfgang Orlowski	f
VUWWHOMUMKCQGDGXZLXTITHBVYXZNWDPW630CO23BI7J3EYSMK0BM59O6GL6P839	\N	229	leonard.zimmermann@jodlgang.com	Leonard Zimmermann	f
XMGKZJ2D96LWXHFE7LHZFEB52D03HF5F3QP3US7MB8LHIRUQN92818SK2WGEHIYG	\N	230	bennet.schuster@jodlgang.com	Bennet Schuster	f
2AXPK237HNL1A340C0QIMMDH49LB94CAJV7TF4E9JHTR57P9RR65HDSV1MW86F8U	\N	231	thomas.hartmann@jodlgang.com	Thomas Hartmann	f
B4VTDB2U95C20F90616YGU7NEJ65CS0RZXLWD7NB2IN6Q5VP3XVPMEKN99NP9VKD	\N	232	finn.richter@jodlgang.com	Finn Richter	f
JQID81CWS0ZFRE86H8QYXG7UCSPFUMFVD9GR7QCJRU4CMQYJ7145S959SSMRV3YJ	\N	233	lian.graf@jodlgang.com	Lian Graf	f
DTAUPG9BABVUS92FW0ANB3XC8FP58H4QC25XYV2DJJSERHRKB7JH3R9MBMWX4BLT	\N	234	leila.christ@jodlgang.com	Leila Christ	f
F16LZE6K47U6BXX952MXXAY5BY7RBTD9UNCSGE9SLAV3O2KVVN0C7RURIKMUQSP9	\N	235	zoey.ziegler@jodlgang.com	Zoey Ziegler	f
CYZMDUMWRWJQZZ1TG4MHZCBDKI930QH8RU342M2F66C19PS76ZYCBQLQV9D3J5DC	\N	236	jason.kuhn@jodlgang.com	Jason Kuhn	f
ZKSR3Z32GO8RFOQE9Q23IOORQ5CPUZM9L3WKS354WFFHW1N5AY0YLO7ICBH3G4XV	\N	237	joel.ingerfurth@jodlgang.com	Joel Ingerfurth	f
YMXB3SIDUMZ2W0XXJHPXM5IKNAYCV8RBI50EVNVH2H0QMIWU0FSQC49F6B128243	\N	238	karl.sommer@jodlgang.com	Karl Sommer	f
5YY0KPIGEFL5HSSV7ZMAKEMC3WVYX712JM6A6B3QB1FQANMH5SRDFIZN8WJ2381L	\N	239	annika.berger@jodlgang.com	Annika Berger	f
T71RK4NRVFQEMDTZC63DGUXLI57G8SMNMBMRAY7E6MFFQ2C4Y9WISW00U26FYUUT	\N	240	felix.thiele@jodlgang.com	Felix Thiele	f
9KH05UTK2HZYFPRJ3JO92SR5A64LWV2OBX81QJSSJZ4ZKJOBQTK3VVGO6CXJ9U9G	\N	241	joel.hartmann@jodlgang.com	Joel Hartmann	f
R0W04KNK2FA75RVZZIUO4ACVCPKZYOVR8O5ZJOJMEGXSV7N58V2JAMPD4ENKTG5E	\N	242	lea.martin@jodlgang.com	Lea Martin	f
2B5EYR0MPULS609GKTJF4Y0TWNVKIWL2SXORV1QE7L62519XN7RG36N9S6M1XFHU	\N	243	nele.lorenz@jodlgang.com	Nele Lorenz	f
GTSX1MFEUZ87DVDY0T8UAQGIQGYSMAS39FZF2XV543OUXINWOPUNRD4KRSNR29YZ	\N	244	paula.peters@jodlgang.com	Paula Peters	f
PCF0X7ZW44ATIKX3E6P13YYHPMVDSDY1OQ1IEGIJAYERHPS0OEKBTE2ZETC68IN9	\N	245	moritz.hoffmann@jodlgang.com	Moritz Hoffmann	f
SR73A96WUR7M2M7VYMAA3NH73366D0SKORE9YVTRMWTJ6XV4U4JEQCO0VJ8YCSX0	\N	246	elisabeth.klein@jodlgang.com	Elisabeth Klein	f
2EW3GRPFNIHF9ZR6PP6Y2MAICEEK47XW0ZJVN9078PPA1Q5ZRSA62D1S0C86SPEA	\N	247	sarah.ebert@jodlgang.com	Sarah Ebert	f
4U6EZHUUSWK2JZABQB3TT3MTQYBUT6DVHWJ73Z25BVHPZPO3NTIJU6S3JAE54ZDO	\N	248	benedikt.thoma@jodlgang.com	Benedikt Thoma	f
6II26W1SFLFK8Q4OUP2YOQE6X1S9O7XHKWJXQC3PWY6FMQ20VV9XT50X2R1L88P5	\N	249	miriam.ziegler@jodlgang.com	Miriam Ziegler	f
J85YCUH0I0Y442ZE7K73JXY4YKGK5Q19UXZCUCHTHGW3GP0R6M9OYGP4NF2BJQDI	\N	250	lea.berger@jodlgang.com	Lea Berger	f
TFIFSPMD151EZ51UFO49DQIGLFTX0SV8KKQKTAMR54H23JZ31JVIR8XI4AEV4NFH	\N	251	ella.schultz@jodlgang.com	Ella Schultz	f
GDW7MKU9UL9GG02655DRV8PRZDN9H7T6B4NINZ3BZQT3OO899DN1W3CQZ5Z9CXXW	\N	252	mila.busch@jodlgang.com	Mila Busch	f
7JNLNGEKJSEYJRQ6SISNDLNMSUITU0ELYNRZ64DBDNC5TPZLFIZSWE1LAFZBBZJF	\N	253	maria.schmitt@jodlgang.com	Maria Schmitt	f
XN2IDHM5SFBBOT1O72NMKY1RVP6Y123L65DRH9SGO2RNGDTS69G9UZ6CK8APBD5F	\N	254	melissa.hoffmann@jodlgang.com	Melissa Hoffmann	f
2K8SYV468UWOEX77VNQL1GPWPN86YAIU2MOVIZRK0KKS0ZHZ4TRL6HNQ1DSBUI5W	\N	255	sina.fischer@jodlgang.com	Sina Fischer	f
AIXXA3CRMER9G6ZB1X15BUBKPDDPJPU64VLCFBAGHGVL0TXC0A20T6OGP6ORXRAT	\N	256	till.bergmann@jodlgang.com	Till Bergmann	f
HRHPSQHXWA2U7S72ELO6FPM2D53NGRQKKBAE91AWVESXAR4I6XTXEI6NNMTMGBBS	\N	257	sam.boehm@jodlgang.com	Sam Böhm	f
E7OINT2KNWVAHTP6HJ2M2LKEBT4SOEV0XN686SZ1N9M1T35G75APA52YKSZO3ZYE	\N	258	hannes.ziegler@jodlgang.com	Hannes Ziegler	f
9M1GO8RXOORU0PVU1APHYYVOA6RI5LNRP1JNE9AVH4A6P3QONNR3NRCQQWTKC6T2	\N	259	julia.brandt@jodlgang.com	Julia Brandt	f
CH4GTQ7S3Q59EKC0NYFQ88BS9U2S1JMGGL683L8Q9VKRGAPZ1SP8OWTNGNF5K425	\N	260	jan.guenther@jodlgang.com	Jan Günther	f
VBC9WKL60WYWD2JHLQ7UJCB2S7IJKV43DWJON724TBJ4H4VT2G7S48PVSOA2NFM4	\N	261	charlotte.huber@jodlgang.com	Charlotte Huber	f
4PM9LV8YZWDKN6ZXM2KCKCLFWTNYWOF8Q87AH13C22QEN4SS07WW3KMIP4EI0ARM	\N	262	elisabeth.schneider@jodlgang.com	Elisabeth Schneider	f
0PG0X475UI58YOTSGSOPL7JDVELCLM06UXWNK28VVPZF5RQDMYF0GQVZQY298QW0	\N	263	lennox.scholz@jodlgang.com	Lennox Scholz	f
2I0HKZNQ7E14PMWPZ00WVZMBHCGI2FGIQPG6LHHUQHHMSASOQL7631C6VYN0607O	\N	264	jayden.schmidt@jodlgang.com	Jayden Schmidt	f
2Y09W9R7EOQCGTHX4X9WLIWLYWNLTQ77ZSPEH3WJ7IJG65LAFDJERV34RUBOXW10	\N	265	till.otto@jodlgang.com	Till Otto	f
E0PBD0JP1BRABYR63BG5T4UUAYGO0WEAO8L3Q2APEJ0MIXB657JLI7OBUKS18WRH	\N	266	konstantin.krause@jodlgang.com	Konstantin Krause	f
T8EYU6D0Y1NWJ3NGMEK7ZZ0N288SARGTXAN8WBVQBDY408MTH51EKLA4CT7PZ7J5	\N	267	jason.albrecht@jodlgang.com	Jason Albrecht	f
95XF1VSEXMM0VXGXJTE6WOKB2WRN9EPJSK4Z0THHYC66ZLD5Z8B73MAMOWN14FNZ	\N	268	laura.doering@jodlgang.com	Laura Döring	f
EWLCDBZ4BEI5TVBLUUS3C8YWGF4Q038JRZ6M2RSZK0BW2U3XJMDD7SOBMWFJ9LLT	\N	269	phil.herrmann@jodlgang.com	Phil Herrmann	f
VJ5M2XY14QM57ZNXMSZPSLXKIGTK4DAHONV8T51BWVVBU7SJQVN21UL7OI1A6YWP	\N	270	florian.guenther@jodlgang.com	Florian Günther	f
LH6DQ3QUQQB7G7Z5JTB2QCH1VT40Z5IQ9J19AXG0WZ4PT9C6EMCR4NPIUVCY2QW0	\N	271	maximilian.fischer@jodlgang.com	Maximilian Fischer	f
U7KMYV7LU7CV6RFVKKPQS9KUKCETZL9DXVAGWBGEYWZUATTC98G1MPTL7HY2T0PI	\N	272	hannes.christ@jodlgang.com	Hannes Christ	f
YMBO5QLCZ9Y9H6TCVD2UAF159EZDSEVVU9UA872164XCZEH8FNJDIKMVE32QCX6G	\N	273	leon.kuhn@jodlgang.com	Leon Kuhn	f
9USNSBEF9JUJV3HIUVCLF6XH33DCS7KH6PPC3R9BWP12OD8CN30FPBJ5RVKGPFUS	\N	274	ulrich.otto@jodlgang.com	Ulrich Otto	f
9M9C9G1318RGMUXZY349W85MRX96LW8U0L1UYUZ546WCME78BT7HGXT9LO41Z40N	\N	275	selina.franke@jodlgang.com	Selina Franke	f
UETEOKQKO52I7L5U3FLT6G6GHV7MUAZYDB4AKZ57LF0UOAQLWY463O8K40CY7XZX	\N	276	noel.christ@jodlgang.com	Noel Christ	f
LN8OKHRJDD2HQHGLPHE1GAJGNE54UO7HGKRIJFG2ICR6WP6JRDKY7MG6E1QKR6RI	\N	277	xaver.koenig@jodlgang.com	Xaver König	f
IWYOBU7LU0LK2HU9AUJ3JWL4UMDJ3JVWGV14QG5S9W06AQN8EWE40AN0ZOIN9LS3	\N	278	magdalena.berger@jodlgang.com	Magdalena Berger	f
G6RD6T2R37XAM23JUORK2QMOQ8LPMZ9RGSHHF7EGJ2VO94GFKNYJQSYEYD3LRN97	\N	279	lena.schumacher@jodlgang.com	Lena Schumacher	f
YZLPC3J5PNO435EVR3LBEKBEUIVDSZAGH4QKSRUR2TQ3UN7CYF5A3GVZZRETXL1V	\N	280	marlon.sauer@jodlgang.com	Marlon Sauer	f
FXYSBP8WN8OOBGHT0Z3AL1O5BWPVC7JH6C1HGT369TNCS6JVMTAGPVU7DEIYLBYJ	\N	281	oskar.schulte@jodlgang.com	Oskar Schulte	f
FS4IWP5V31V2YBZ0D70HBG650UBT1AIIJCSA4CPGV3IP6D6H1YWZ4XNHAKIP5K1G	\N	282	leon.ziegler@jodlgang.com	Leon Ziegler	f
50L85RF4HDL2OU0RIRLV5H5UUH0QJICVOYQ20LVSN6BR3LJYEOKLMFMW21IXX8MK	\N	283	dominic.scholz@jodlgang.com	Dominic Scholz	f
AZEZ37W8H0SHFLPAS0HB9D1SX4XX81HAFSZOVU4QQBN4A1MVI0XSS7D26DM248H8	\N	284	ulrich.herrmann@jodlgang.com	Ulrich Herrmann	f
IZIPJB2VDY069XWETQPWLMQ7GZWKS4UX8CPG6K42XNEHXSZP4XT9H8Z4MNJEKC6V	\N	285	konstantin.schultz@jodlgang.com	Konstantin Schultz	f
Y541ACTL0NG6DLWX04ZK6NH7PZRAR1C4BR23YZVDXECCAX5VBAN95RZ6Q5KI1CGE	\N	286	benjamin.schuster@jodlgang.com	Benjamin Schuster	f
G8VMI1G9740KPR5E12CS28XLAHSP5E7URZQLXWVGTL4579CFZ3NUEANBKWQW4T4W	\N	287	sina.doering@jodlgang.com	Sina Döring	f
I1IU256YXKYUKW3BYV7V78318MUXNW6PKA5F1HCMPZB3LHT8KWF443TTFOASAJ0S	\N	288	vanessa.ziegler@jodlgang.com	Vanessa Ziegler	f
2QRS9LPGB84102LGHJDE6ZRW6B2XAOYEIYQ2SO3W37EH3Z46UPKEHDTK3Z5IBW1A	\N	289	frieda.heinrich@jodlgang.com	Frieda Heinrich	f
MJRF6KJ97TAQP9UD0F4W4TOZMYXHQ7C9UD402OH62KP66R9E0T2VW8FDRQ89GJO2	\N	290	adrian.seidel@jodlgang.com	Adrian Seidel	f
H3JHITVOHZTVYRF2YL8D1VF6989FKHD6WK6WAXFHW7CB5K9D2G24GWC6359OEWQN	\N	291	fabian.weiss@jodlgang.com	Fabian Weiß	f
QHUI75GSLX7794AUXCWAY4AS878BYCB33AU4O8AKJU8TCW4GRT3M2MK81U71DSMI	\N	292	paulina.lang@jodlgang.com	Paulina Lang	f
RJANDY29Y3EUZ601A3S7HGT9IYM7L0X122KYQQ3YPVJC09Z2JU12178DZCSP9GDC	\N	293	laura.busch@jodlgang.com	Laura Busch	f
ZCLSFN18DHNCR496CKMQ8GQ2H6F1SQHPW6MS2K0FIUECR1J7IBYCYVPN75GORNZC	\N	294	justus.nebert@jodlgang.com	Justus Nebert	f
I2AB797N5Y7G1YL3L2DYPPZQCVQOUY5ZBUFDSFJ9NUAHU0H6LM3T7PVKQT3Q5J2S	\N	295	mira.busch@jodlgang.com	Mira Busch	f
EI3GZMKJHCQK6JNKLW1X702BL71NCMN0181795VQEQTGPSL7DFH5TI3KGT7PG2J3	\N	296	charlotte.walter@jodlgang.com	Charlotte Walter	f
JVOO04FJD07XRMUSQOP42VV3TWZ7TFAUJ9FTAR2POU91YAXKKXHTF93DS2CT2FH3	\N	297	ben.ilsner@jodlgang.com	Ben Ilsner	f
XJWLGK0PVNHPISALNYP043M4KJ58OMAY3JK41EC0Z11QH0ARFRDAHEVIZIN17ZCP	\N	298	julie.kuhn@jodlgang.com	Julie Kuhn	f
YNW8KBB4XATZRK0IS8XPB5ISW5PIQ4OTBM5I8L4VBRSDV5G46R4LT0B31D6QCSBN	\N	299	emma.ingerfurth@jodlgang.com	Emma Ingerfurth	f
KGYCF62Q57E8I9XCW0NJCU481P3NUNU3TWB2ALKKMWQR3X0XC927N15226CUGRXY	\N	300	fiona.kuehn@jodlgang.com	Fiona Kühn	f
7E7JJQ9A43KZ1WDEV9VCJWYZ8XOU94GVJ55VT1MIFXP47G8EGTMGTJGD64YFDQ63	\N	301	tim.winter@jodlgang.com	Tim Winter	f
VGYR9W468FCFTN5FS2PBBWWI6HWBTR871CVCSWXU0YRVHWE0D0OCY6IAZJYSCYQQ	\N	302	elena.krause@jodlgang.com	Elena Krause	f
GV7EOWUD0IPACQE4C3WIG05MEA8KIA7DE2DAS4H1IMVP391HXPOFK16DRZXTDYY5	\N	303	samuel.baumann@jodlgang.com	Samuel Baumann	f
2IVGGZS2ZD1P0YHDBAFHH2B6UNI9BI2LU69SMQCCM3U446281O98CIYLQ3SHEB35	\N	304	colin.busch@jodlgang.com	Colin Busch	f
FQF9VKEN9VMV2CY8S53J96KTQQUKVY3S5819G2TFIY4BNX8CGRWU9ZJ8OMMX4HVK	\N	305	lian.christ@jodlgang.com	Lian Christ	f
KBM8TH2T8FOSSUHXE6Q5UVSD6SU7X59YB28Q4EWJMKQI09V5W1RPGVJN4FBC83KV	\N	306	malte.vogel@jodlgang.com	Malte Vogel	f
6YPDL6G8LN5Q3X1G40X3I55RFDNO6AZS59KUFMC3C78XBQRNCE7PFWSQNG28NY5C	\N	307	emily.neumann@jodlgang.com	Emily Neumann	f
JUER2QM5S05H5RGR7DBU9Q881FBZ0P8HVXKLH4NCDVJTDUS03CUFFCFVG935IB3M	\N	308	liam.christ@jodlgang.com	Liam Christ	f
YRWHNZYV2YEZF6PI6TF9XWJ2MCRP5Z40KWQV787V1EK628DS6HDKKUK0EK16YDHP	\N	309	sophie.koehler@jodlgang.com	Sophie Köhler	f
RJ6V3L3U6RH9N2OU3GKQ884WCDG2CNZXC9MT92DP69Z1G28CZQRUQ0EBECPA0UFF	\N	310	xenia.winkler@jodlgang.com	Xenia Winkler	f
ATJ9BUXQWTBCGOJ7FCHOPXLQE1N7BNH77XH66M8Q7G09KJMST1ZW52EVWJ1BP732	\N	311	hannes.kaiser@jodlgang.com	Hannes Kaiser	f
L1ABXEJ7KIIGTK1PKK33DQAOR0RAQ9LDOCNWZQ6T7A2E5XKG68ADVU40G69GW0OU	\N	312	martin.boehm@jodlgang.com	Martin Böhm	f
VPBBAUMVN5N1XMKVQWNUMJB3G0NHUKRDMKOXKCQ0Y06QZNFDLT69QQ3V2B415X2H	\N	313	doreen.martin@jodlgang.com	Doreen Martin	f
T38ZJSW38WE69X39KAE0VPXFO45LBMKU4CJV17SCBGLP9BVD9TXTMO5IHLZ1J261	\N	314	isabell.ullrich@jodlgang.com	Isabell Ullrich	f
TYDS2AL4INTXUTA2RKSVFSL4KQN2YYI2ELQ3X5PH8E70OY5TH7J9DP1A3ZDXZFM3	\N	315	maja.horn@jodlgang.com	Maja Horn	f
CGD25A5145FT9EHUCFHHD51CHXKQJIQR8GR9LXHKKQ79ULXI2XEREVNOBTDEL6G9	\N	316	isabella.voigt@jodlgang.com	Isabella Voigt	f
OF7FCJMAB7IIYR20VQIGRZM7PDPEVTSVKJM4AMA9LAHQHH5FC7RGMHA8XRFPNTV5	\N	317	melina.schmitt@jodlgang.com	Melina Schmitt	f
MXV9YVVE902VR7IXGEOLF9P61VL3T6T5APLFL8NP4TDS661SKKVIZPUJXI3X87AU	\N	318	alexander.schmitt@jodlgang.com	Alexander Schmitt	f
VEDYWABMD4GS8AURIH15HN8AT1NY5ZB23VFE26CZ42ESMPGHY3BOZT3JD4YY46A8	\N	319	pia.winter@jodlgang.com	Pia Winter	f
PFPFJ4XS2QTLZYY8ERGL99XOE5IFPC61D0SPH6POKIAE8CY5O9QLCMOMKC37HCS4	\N	320	stella.thoma@jodlgang.com	Stella Thoma	f
LYGJAI4TQIP7QCXK6SG3N9BZDNVAGOFV7CSZAHQ7B7ODWG31VSA21I97K1M72WDR	\N	321	eva.schumacher@jodlgang.com	Eva Schumacher	f
88D7U5WFAQLL3UYLRVKUVWOU10K34DYFYGDNQJ2Y4HU0HIRHIBEPER47SYFMFTNC	\N	322	lucy.bergmann@jodlgang.com	Lucy Bergmann	f
K89180IIQA1E6K2MPOJFC6JQ2NSZ9DG1BYXMTTZ7A9EU9X1GKIQVQPVCM79QHH4Y	\N	323	john.meyer@jodlgang.com	John Meyer	f
6PH1KT3WIX8AMW0QFAD50RX0IJVTKYEK7YI4C7IW7OZA78I6RQSJTEXKXUVI5TNJ	\N	324	bennet.klein@jodlgang.com	Bennet Klein	f
7EUK9BIB3JGGR24NTHGV7YJZUXD0RE2CWK4R2IHVC0OWGM1S0A9SHAKATHDZ402Y	\N	325	johann.koenig@jodlgang.com	Johann König	f
7TUNNTCTAFV1OGWF49W4JPKQRRY42ALM53QIAH8F463IDNHB8KKBNZNYTGAZE2UY	\N	326	xenia.sauer@jodlgang.com	Xenia Sauer	f
7T7UNHW21JRD2OP8LAXDIIX4AA17BMOXKA8M69L08H26GQY0S72NCUYWC1WP5V1R	\N	327	annika.arnold@jodlgang.com	Annika Arnold	f
0E1XB54KFIE8DQ8H6WSHLRR2YDK5Q586W5607R0XBLAL54UPWA3IXRJXZFJRJHUI	\N	328	lotta.dietrich@jodlgang.com	Lotta Dietrich	f
NMQ421WVQBI91BUYLM8Q6QCJ24WCKPRMZPCZ4C19R0GF8LQ8UC0JLFJR2CMWB4RW	\N	329	thomas.lehmann@jodlgang.com	Thomas Lehmann	f
E3O1Z7QQPV7VKJ951TSYIX931T2VYZRZ197K9Q8ISSJZM65WXZUUIH2YB3GXFSMI	\N	330	melissa.bauer@jodlgang.com	Melissa Bauer	f
5YV4XDOFZWR0XB5EIHPN5C3MJTSGCHGJRLS5KUC4PP5PFOOI3CLRHVXFRYUG9NKO	\N	331	ole.jung@jodlgang.com	Ole Jung	f
V5SKQ6ELUFB0MX8AJB8VFLO9QHJIGC8CARTXNE26FNZPBFQS7S7M28BZM8MW62A2	\N	332	gabriel.schulte@jodlgang.com	Gabriel Schulte	f
Q8GGUA070D4ZYHEMB409XOSZHO2XBQ93O860NQ783VMPOSWYJ0LH02KHHXXMWCER	\N	333	jamie.koenig@jodlgang.com	Jamie König	f
3MO3XNDQRFJX44CD3A6QDV2U7TII0KH8UNAW8JZCI07NK68NAP4UUZZ22W0OYFGX	\N	334	elisa.voigt@jodlgang.com	Elisa Voigt	f
OKBIN8Z07LMNRMDLY12UQ7FECLNRLSHPHOPYBWLV7N9CVTGY57DCJM3IF96MTTQL	\N	335	christian.engel@jodlgang.com	Christian Engel	f
RJU5Q77NGZ1BXZLA63SWUY6R76CHO1I3DNVE5O9MYEPXHDOD2QSFZWFSMKMNHD6N	\N	336	chiara.sommer@jodlgang.com	Chiara Sommer	f
DA29MHJFRMRO6DXUVGZIO5MIQHPDK4KQUYJSZ2C1S3K3PHL8GNWIEQSB7Y1JH465	\N	337	lea.koch@jodlgang.com	Lea Koch	f
H3I7W28L11EQH1FFC4SPLVFVA76WDGKGEDA603A5L8J14QDED5QDUKKGR25Q3R8Z	\N	338	leonard.horn@jodlgang.com	Leonard Horn	f
U7IXGA7SKZN795MZ2PF5T9D79N39F5E426Z8423QD20Y6Z2T1RNUM6BAN4C4SQJD	\N	339	nick.schmidt@jodlgang.com	Nick Schmidt	f
MVQXV0SL7RAD3TGSU8XUF7K02F1KJ6BALN4CP4XDIPN7ENJ8TZOGIAFVQCDQFDS2	\N	340	elisabeth.teichmann@jodlgang.com	Elisabeth Teichmann	f
QAOEUE8NSLDY1XY0XI7N7G7DDDUZ82QUIKMNA7YZ0S9PK1N8GBQVSEZPD7O3FQWR	\N	341	lotta.zimmermann@jodlgang.com	Lotta Zimmermann	f
HR521AKMJISL8WARUS1NVMBYFP9A17IE349IQL07OFA2M7NE8FB27CN1VEC8CJVD	\N	342	mia.haas@jodlgang.com	Mia Haas	f
GEE6R8JB216HKTD6XZA7B8YSOXXTFT90G6E9IEVSDRSC46DNZG4THTOCBODYEASG	\N	343	fabienne.krause@jodlgang.com	Fabienne Krause	f
X5YM6KNNI1M3POHMAWS3VPIKFCO1FQLBFKP5ZAIGZ18Z363AWA59XIOFAB69CLPC	\N	344	emilia.ebert@jodlgang.com	Emilia Ebert	f
9IWP0AQOFWV1G6BHN6CXAIPZUIGPFGMWF9I5JPQMZQVL578I9KE5SY710HCGZLA7	\N	345	mathilda.huber@jodlgang.com	Mathilda Huber	f
RPBP7YNDS8TDZCQBLF5BXFLBRLE2M2DOUBTLHLPNJZ6WZBMHFCSYB606NDW3P7BH	\N	346	finn.jung@jodlgang.com	Finn Jung	f
0EPRWIC49EAKW2F0ZFQWADDQJBWT8BE5X30LJTDXGFU1L7V8JNWPMW5E7OJWXMSR	\N	347	eva.boehm@jodlgang.com	Eva Böhm	f
ENF630PR82FDXGFIOKCQUEFXP0NIKLN4MNPEI99RM3KPMVVT36RX4QY94AJYTOFN	\N	348	alina.beck@jodlgang.com	Alina Beck	f
KWYG989Y9XR1B459EM4N3ICQDLOJ83Q6MZXX151SCVDO0LOR3N4NJ3ELWLRL09VA	\N	349	mila.frank@jodlgang.com	Mila Frank	f
2AUKP63R5XKH4U54MIX0X1DE4C1TT42SZ9VINNUYZ9M8127XPE4NSZDWXGWF8VTG	\N	350	zoe.meyer@jodlgang.com	Zoe Meyer	f
PYWW2N8NGR3X11A3PPKQ6XKIQ1V6HQK60K0LW5DC1Z4A1648CKEEJWLFLH3ZXAD1	\N	351	timo.vogt@jodlgang.com	Timo Vogt	f
4VKX8M7RJXT8OT8DMCWAHU8NXFV6FLF9UFF7LE9X794UEGYMAOOOTLOUHS2JNOU9	\N	352	sebastian.kuehn@jodlgang.com	Sebastian Kühn	f
MIYGHWWZSJJR7IIESOEO0OL7MI8PMYZZKGOAA51Q2BC4QTYY05DRS29W6ODXP8P2	\N	353	julie.gross@jodlgang.com	Julie Groß	f
Y61YMXGFKSFBHIL2ZST8EY1LEVOWHH6DI9ERYRKNPQ7DHDCE2CQZ0J475QZ5EAVF	\N	354	celina.lange@jodlgang.com	Celina Lange	f
DSC10JN754UP9425AS5RBSK3FTMF3REJ33JIH11TE7LG92CBJNGD0J67REQEJYQ7	\N	355	elisa.thoma@jodlgang.com	Elisa Thoma	f
0TENM95CF5L7Z7L96UGOBE5YHC6SBSUTQ2AUA1M4N64FB2FWIG1UJC60BTB0ZRW0	\N	356	vincent.lange@jodlgang.com	Vincent Lange	f
NP7FX5A6EBMUDXO1Z3E3006LZAIFX0EDE536V10M9L565H9FF50HG902JUSQR09F	\N	357	clara.roth@jodlgang.com	Clara Roth	f
MF6W6IUK0EPPXAZAZPWGTC5E5P6K9EYDA0TGSIT2DA20BSSQSF2NWK8LKHT5HMOA	\N	358	noel.weber@jodlgang.com	Noel Weber	f
5CC5XH7TPXM3DCPSA2DQMMZLPQI8R7VTN9IO0BJD8OCV96NYR3WM5T6WJU0CUX5U	\N	359	timo.neumann@jodlgang.com	Timo Neumann	f
N2M22VE1CHMI723SDPFHOBLRO7M9K3ICH9AS3Z31USI4ZKL59O7BWE9XS0QGVO0G	\N	360	tom.voigt@jodlgang.com	Tom Voigt	f
HHCT9W6M9RJT9TERI40S9LAWJ46WTDNICZTF3JYWIJ6YLUQMGTVN46FEP8LIFQXP	\N	361	noel.boehm@jodlgang.com	Noel Böhm	f
BHZ8LLVE5N2620W6UKTG5WEF7PFKHTNR5ZEAZAYKLYRJ4MGZA5TSSA0B79LYXQQV	\N	362	theresa.otto@jodlgang.com	Theresa Otto	f
T50JR9ZXUE3LJZRTU4MD32GBQKVYYDXYHG55Q1KCGV1L4XSFBX7V317MA9HFW38X	\N	363	david.schultz@jodlgang.com	David Schultz	f
QKS2129YXH8ASRNQ5SRZOHBNEL7FBYEBY0BVK3WQ8EPRZKOG1P7S0GNNML16B886	\N	364	simon.koenig@jodlgang.com	Simon König	f
LRMH2ZTPVE4ABGUMUEL02M6LLG929G6LC8AS1F2LP5JHHG1FTW38X52H9V2J74BN	\N	365	elena.koch@jodlgang.com	Elena Koch	f
2PLQHC185EJ53Q3AT8PIF1ITJEJTLB03GVO42WY2EAR1VVSKFV1M2G8LD6MUSPFZ	\N	366	elena.boehm@jodlgang.com	Elena Böhm	f
ZT9WW9WEX4S4TBP1QXVX7PXQQEPYXFUNGSWO2DE57WAK2WALBN80SLJITT0NLXP0	\N	367	annabell.huber@jodlgang.com	Annabell Huber	f
OV4ZILJTQQOX08TBLSFZ45X4RMYQ9C7ZGTCU2I307RGTMGSJ6XN9LJ16JIZ0ZYS3	\N	368	elena.pfeiffer@jodlgang.com	Elena Pfeiffer	f
D18J2VPW9HA5ZL4EZE5DPZDUTDOHSEDIBQJXA3B088RAGR8IEUGL4IVDTM0YFI9H	\N	369	levin.roth@jodlgang.com	Levin Roth	f
PB70HNO1STH7A2H1UXJBS9X6XD0Q0SDKF75T6R9F29M1UP5SIPWCLQBWCKRUUV6I	\N	370	jonathan.stein@jodlgang.com	Jonathan Stein	f
JMTAPGU9SVC3DR53IPAYXKB0LAHS1S9WTEQQU2MVOPTDSB12TSFP7QNL36M1VBPS	\N	371	bianca.kraemer@jodlgang.com	Bianca Krämer	f
706C3SBIPRCOR7G8DSQ06GZKJYHUEA8U6SSOOMWO3GHZ2SJI3CTJ5EB48ZW2JWAA	\N	372	luis.neumann@jodlgang.com	Luis Neumann	f
7O3GFL0580UPV9DLDJBMN7MXSTLYJWSF3YG11KDV3XKC9W540ULOJCHGT2RACRUB	\N	373	leonard.franke@jodlgang.com	Leonard Franke	f
7TCNIUHRVVZEK5UJ8PXI2N48TDCE34C6G10OY0JHZJJFRMKI8YFPYVGD8UW8MR3M	\N	374	gabriel.schwarz@jodlgang.com	Gabriel Schwarz	f
D2OMKMDJK28QMO9XRRJTKW1AEXIU03YKU2D5DBZ2SNS3I9Y90Q7F89N00WM1CSOM	\N	375	selina.schulte@jodlgang.com	Selina Schulte	f
RR7PDLAKT8977YLQ7ACIFMEDII8YFCW82H3JFQ2ZE7PQ3P2KN04L2SSQ3JX2LM78	\N	376	wenke.kraus@jodlgang.com	Wenke Kraus	f
BR2JJ8BSNVBETV1TLB2X55UB0P71DQLBSXLTZRKKMA3OKK9S56CAOZI021F091EK	\N	377	romy.krause@jodlgang.com	Romy Krause	f
3S6JDTQTM1EV8DXUMFHGK3RF2M7Y4NS8FAZ2GYN1ZQOVPR361GV31G01W6SLH2I2	\N	378	damian.franke@jodlgang.com	Damian Franke	f
WGVZ239BJURMX27KQRUPJMWBQ989KATF7AWTH6F5WWVEUHUIOPFSAN4ANX898K09	\N	379	valentina.busch@jodlgang.com	Valentina Busch	f
4Y74BC62MCQUS6YDI4GWHTH318OL5IX1RV10L78YKUOKCQSTM08AMA1ZRXEP6GU5	\N	380	leon.winkler@jodlgang.com	Leon Winkler	f
E6YO1J2N2AXDM4HQ9GC8JTJTTJI8F1YE64UBAGJSCXI4CLNHJC02BKTVH2MVZ5US	\N	381	isabella.braun@jodlgang.com	Isabella Braun	f
BHXGUJYC8ZMDXQLJV2TGWNH6TEGSEXMQT6IJHF6D8QR9DS0VXMIYVM8NB652DH2A	\N	382	frieda.vogel@jodlgang.com	Frieda Vogel	f
ITH21Y11KH6C68PG1KKWYS7TI5R29UJH52MICCIDKA7CLMED33283EEMCGJVPTEF	\N	383	lea.kuehn@jodlgang.com	Lea Kühn	f
MZLEMITIY1U4HQVSSLK5ZBMLXTD1ZH5MNBRC9FHW58GCCEA5TQ60NU9NC07DAMRG	\N	384	thomas.krueger@jodlgang.com	Thomas Krüger	f
YTJMWP6SHBNRWM2L1WT5VIAEY3N5YY6FIKWX57UTA7P01F2KD91N6DV9RRDQ0KRK	\N	385	elisa.martin@jodlgang.com	Elisa Martin	f
V3KOHHHUGSEY4KJMFS7FHP5AELT8LXMVKOFDS84M1EOE15BIMD83JW3AZ7QHGYIK	\N	386	paulina.boehm@jodlgang.com	Paulina Böhm	f
A2644YHBW097TXHAWZ6UT15JZHRBSBB8Q6UZQHQDNK40VEK7NFKE595Z9CWECYCQ	\N	387	nina.heinrich@jodlgang.com	Nina Heinrich	f
CKMU40MF3FGNOYU880M65RSI3KWEWHL64IQUI42SDOB4XWMWSRTQQYXOSU59R80E	\N	388	nico.weber@jodlgang.com	Nico Weber	f
KX4IL2D4WOXX3MKDIRIE8FXVDSNQFZXM3Z46K2NI3JTD7GK75C0IPGAQT6AWHK13	\N	389	mina.vogel@jodlgang.com	Mina Vogel	f
TDV522E55REKHJW68STZJJ1F4CWS1PLSWABDNNUGUKLTCFFMM7XGI9VK1FY2DVSC	\N	390	leonie.wagner@jodlgang.com	Leonie Wagner	f
X1OH7ZWB98KA7VI1OVEAYTEMQCCPLFYOVV0K9LZUKGQEDQ0P71LVMZZT7NFIAKF7	\N	391	ann-julie.herrmann@jodlgang.com	Ann-Julie Herrmann	f
XDDDN6SCX6LG6RHGIDMNRRR8D8C32WZQG46TSJ2C2ZTE7T55YVFPQOZ1FQHQB73A	\N	392	felix.klein@jodlgang.com	Felix Klein	f
J4PJW4Z5CY66BDDLJRCYZCBMWWIE2KF8YBERGC0A63J57CKO0TGHSGJ0M80FMGE5	\N	393	alina.winkler@jodlgang.com	Alina Winkler	f
28C39BIQ9TKDGS279ZNE9KJ3X285FH9FMRSNVFJ1XR8VLWJ2KOWD6XRGY4TR6RX2	\N	394	leo.teichmann@jodlgang.com	Leo Teichmann	f
SPUO4PRISFO11VQVNUT7ZX35CGZ0NOC6CEMR4PVB0I8SAMGO6JQ7O6NAPMRNHFES	\N	395	levi.busch@jodlgang.com	Levi Busch	f
G7IEYY7CT42WQDTCNQASJNKTB3ULTL0P0B9TI7QU4QINRP0TU1EU3JHSYOYK1EFO	\N	396	jasmin.krueger@jodlgang.com	Jasmin Krüger	f
OYDUWJATZZSBCS6N0KNCDANRX6YNEYO4EWZPR8FIXI3DVQ9G7VAJ345K217O8MNQ	\N	397	liam.schaefer@jodlgang.com	Liam Schäfer	f
MUGFNYRLBX5UL8X3KRY1NYGE2C50CP3J4BZSJFKVCXR703L823L25GSX5HPOWLVV	\N	398	colin.roth@jodlgang.com	Colin Roth	f
Z3GW8LF4SVDEL20H1KJJ6JB36HZNZ0P16V7VLGDB7OH4QHLPLALFQTP5SDX6IU39	\N	399	milena.hoffmann@jodlgang.com	Milena Hoffmann	f
0NVZSIW4BS9ZAB3PJJB81WLLAAXTKGRUT3P6XPUW2134O56WBMGQUOC3PU367CVW	\N	400	ronja.hartmann@jodlgang.com	Ronja Hartmann	f
0NWTXQJ52WNJN1NI5MHGFYD1GB592767XLLXQ0HZTBNNAVOJ495XSZ5ENCBPG02E	\N	401	valentin.schmitt@jodlgang.com	Valentin Schmitt	f
2C00WDM3VKTWDQDKTO9V91U1FMAHR2ANBZRIOLL8VNM89AATIXWJ3TRXL5QIYKTS	\N	402	eva.martin@jodlgang.com	Eva Martin	f
54REQ7QK7G6NITO6GA3BA8KDBM60WKIU4FZ2UAXIM08EF74CFC4J27DUMU9QE2MR	\N	403	jule.otto@jodlgang.com	Jule Otto	f
KKRWVZRTI0BJANYEZOE57Z0FJU6O757TQ72CYM17MYXFIGIZN0WTZKP6MSKIJLWY	\N	404	ella.krueger@jodlgang.com	Ella Krüger	f
WWCDVXPLGADXSU9S1R447922ED8HUIIFGTOEF4RZS41KM79X661BBNZSFR5OIGP9	\N	405	bastian.lehmann@jodlgang.com	Bastian Lehmann	f
QYPFAQ71C9HFQM722ZOFB063MLLFIMTOU7106TN608WPN8J5J9K8XCVFOTLDF9DU	\N	406	linda.vogel@jodlgang.com	Linda Vogel	f
G81Z7M0M79P55FTR3QP0GY5W8PFCBDOQIVRLR86VFGFXHVH71WP1JE6U3RVZ56YI	\N	407	chiara.peters@jodlgang.com	Chiara Peters	f
WT89Y9A0IAN9FPF7TW7TL8TB1M5Y34GD80H3PZMHZWKUTA38J3EYPZ05Q74DXXY7	\N	408	elisabeth.schultz@jodlgang.com	Elisabeth Schultz	f
4YB54BS7C4F8UUDFSKWJQ6Z9PSVU4GNRRWFI4BXT8RS7ILFZ1559OHBQN3CBHFOJ	\N	409	sophie.hartmann@jodlgang.com	Sophie Hartmann	f
NJS12Y88WXGSOSA71ADCEWFF1DHQ7V78M996JW4UH7OOSM290AG11M92P6IJMSHO	\N	410	nico.albrecht@jodlgang.com	Nico Albrecht	f
M4GR8RN7QWOXA3JGM1XORALRBJNB1V6N8QU2KEI3PE2B2B0JFTR8CNTXI1BWQSYA	\N	411	joshua.schultz@jodlgang.com	Joshua Schultz	f
8DA9WNVF3B2J35DQKGYVA677R858KTI1GYDEHTAVGXZL9J1VR5ZQUV5CP36G68F7	\N	412	philipp.brandt@jodlgang.com	Philipp Brandt	f
BK7GNBC4IPBNBSJFHBYRJ31RCAUWFSMKTXRTB8LRJ14W3JJIOJFADREBISKYL4JH	\N	413	jan.fischer@jodlgang.com	Jan Fischer	f
ERUX7NTQXBS1FS186A2MJKXGDO3V484WYEVEH54TUHKE37H2VPI5LV5ZA39ZNSX4	\N	414	jonathan.richter@jodlgang.com	Jonathan Richter	f
AMB9B6AIPGRP9GBKNRQHNG84ZMLA16KI7B9D1W129E10W6QX02D7QQQLQOFLJ4L4	\N	415	ole.pohl@jodlgang.com	Ole Pohl	f
XOEYVT4YFNQ0RYSMIA77OJ1JLVOIX796X3Q3NN0UJHWQU16SQIDNYR01OHRY3X55	\N	416	pia.arnold@jodlgang.com	Pia Arnold	f
7AVBWTIM6Y5E9VXGFXH06RMACUTASL1G3KW4QBK8AE0LKAV0EQDDOCCX29N659Y9	\N	417	jonas.fuchs@jodlgang.com	Jonas Fuchs	f
RFV8KKBDXU9DKUROJDRLTAHXYUKN32L533JMT3268NX1Q1PZMQDHA70A45RNHJIJ	\N	418	eva.huber@jodlgang.com	Eva Huber	f
J6OD8ZH5GYX0Y4PTBN0RG15AFM4HWNIC4Y5SP3PSA396LTYEUMSNR5OYYMOTYQ5G	\N	419	ulrich.schmitz@jodlgang.com	Ulrich Schmitz	f
01Q6QAGBT68YL8ATBBNZT8E7N4W70MNMXYI9L4CS5VVLP79UJ11XPC68D76NYHP7	\N	420	liam.arnold@jodlgang.com	Liam Arnold	f
T0GPLSGT2M17GY1JU1JBMDL76SVIVQ83YZ8WNKP5EH1TUJGCFO0JZWFQXRA9PWUD	\N	421	tom.richter@jodlgang.com	Tom Richter	f
H6QGIQE2CHJ640OVY43ABFUBJQBDLZ4N7VUI8LZQFEP5FLBOO7HU7E9X1PID9XM8	\N	422	theo.lang@jodlgang.com	Theo Lang	f
TPPL2HCQE25BI7WJD5A01UYCC0OOC23EUX79130HD1XYZ0EXSTWZFSD4W15JJJ29	\N	423	nico.roth@jodlgang.com	Nico Roth	f
0BPD4KMNGOAR19PVOUGZVH8YSDRA5R3HB4EU0VMG7FLOBDIA10Z1YNGF73A3F2WB	\N	424	marlene.klein@jodlgang.com	Marlene Klein	f
8MYX1YG5T8AHQ4ULO7C5DYRTMZENE14JSUG7AHR1E6ATVWK907NIZETBSUG3N6L2	\N	425	artur.martin@jodlgang.com	Artur Martin	f
KKUSNVZQB13PPS2W9W2VURU8QM1O6MK34Y12L7P9SOPQKHDYN9K2YVFDOFBONM3T	\N	426	jona.otto@jodlgang.com	Jona Otto	f
8NIYTW2ER2VZCEBSSYKNUXXXIQY5U641FVL52P3OADKOFPG64NJCUVVQQCR4X1TK	\N	427	martha.schreiber@jodlgang.com	Martha Schreiber	f
EHWBGJ8IROV657T1DK4WA63DIVNTF6H6MHV88AATTOMWI0SLI0EWUJ28H1L6BNFI	\N	428	tim.weber@jodlgang.com	Tim Weber	f
JJ9WP2YDCD97GIX3WV3664IIMW2R7YN0QXCO3LRCQCD1LHDG1VN695XV2AR2VW2C	\N	429	philipp.schmitz@jodlgang.com	Philipp Schmitz	f
427RMLXUMGF4P03SMEPVBHZ7OBZ1GWLDTOQV8EIODICZJ81D348UMIYBCD8795V5	\N	430	selina.richter@jodlgang.com	Selina Richter	f
25ISQUOV8EVALQG0AM0WFSC3V6P9K9RYZIG3Z6TFQDB7OGU1I7RCSTUW6UVG7U6P	\N	431	jamie.mueller@jodlgang.com	Jamie Müller	f
OLOIM8LJ8OI6PGF2XFDQYFEXIZFA8G2TUATBF9OKIW1OGB3E98L297C7M25FPJOX	\N	432	emma.schmidt@jodlgang.com	Emma Schmidt	f
YPVV25AEBCJA4XXR0WIP6XC3IAC7TDFN9P934P76MQ92ZOO16XZS46SIIZI4I5MO	\N	433	linus.thiele@jodlgang.com	Linus Thiele	f
QYMDF1XY6I7B7Y2NFJKS8824IQS4BQDCZAM52CUHRU3JYXTN7L7DZVU51QXA2YAJ	\N	434	greta.wolf@jodlgang.com	Greta Wolf	f
UV9U4K8Z6S4SEIWML72GWGMSJXFX3JERR5GYX9E4PEKY7P4E173F5ISXGYD6C2OX	\N	435	jannis.schulze@jodlgang.com	Jannis Schulze	f
0RV8E5HWPUGCSY4ZZUNYI9VR89VENP53T6DQPEKKLYNLRJ7MP9T3B5AZZQH8WUDI	\N	436	pia.kuehn@jodlgang.com	Pia Kühn	f
B8DJ9FLB4XKC9IBBU84IL7Z8OID06176V4M3QKI1X97FP778HJGP9J35BSB2FVBX	\N	437	carla.hahn@jodlgang.com	Carla Hahn	f
NU31W3AQYGPJY1809BAL61P4K9C7VNXDQ6PZBFNVK2P7ZP9W9GH9Q2GN442H4DBK	\N	438	lisa.nebert@jodlgang.com	Lisa Nebert	f
7GJJGIYP9P8MAWAIRO6DYNH31FXM8ENQIEQFWE5XS72P6VVRIWVEE05AZ20T4P2E	\N	439	bastian.koehler@jodlgang.com	Bastian Köhler	f
MFYW5BUG1SYRXFVQ48IY2GAG47BFMRXLSJSQKEOWPD2NTUV6R0YW0P4PSGZ8GPW3	\N	440	emilia.roth@jodlgang.com	Emilia Roth	f
9MUOGGDHT5ZSKT0FM4PMOGSCJQOJ61JBZIASOGYFSV84GYHM1XBXMU3VE6ZBZY6Y	\N	441	luna.sommer@jodlgang.com	Luna Sommer	f
JQC7ADKTTLNEK69J3JU37C9ULPN2UIRAOANVZSV6HT5PP057OJWN3XOP6Z9OFSWT	\N	442	malte.graf@jodlgang.com	Malte Graf	f
S18R4EH24VWYK5TXFGQH0DGO5N5286MOMU6EB97YAH16RYS00VJ4IMPUYSA8LA3Q	\N	443	lena.huber@jodlgang.com	Lena Huber	f
C7PIH3V0H6SV7UOJ86NOUXN7A9RFOL80HXF7O3VRM4AD35MGUXAJNV5NJTQ92NOS	\N	444	isabell.martin@jodlgang.com	Isabell Martin	f
Z9UGKXT614NRQ0D7RHYGKCDJ8NP211IY2Z556A8X4D6DOQK49XI4P2BKSMBY894M	\N	445	julian.becker@jodlgang.com	Julian Becker	f
W5ZJMR6BBN7YP1M3FDFLHF694JSKMGBBQOF741E0FOJBMS5HGW3A8KWJA761U51B	\N	446	elisabeth.schroeder@jodlgang.com	Elisabeth Schröder	f
UXWF6IH53Z6BZFYKLOTQY08EVJHBCQYT607TYCWEE7ARNCAO03012TMCZ97GIIBO	\N	447	celina.ilsner@jodlgang.com	Celina Ilsner	f
HJV2IMRCM9W2QK47XNWYVF86CW07V8VZGX78ZCTP1A4D9VY6G0VUX9BZ0YUFGIXS	\N	448	robert.krueger@jodlgang.com	Robert Krüger	f
6C70R71HP9CFWJC37UACOSSZIUQNYY499LR33AFTZ4SQTLPUSDW6M4H58AA9M7AK	\N	449	dominic.wolf@jodlgang.com	Dominic Wolf	f
CAXKMI5LQNPZJG9QOAHHBE6HL8HWO1I6XZAJ6RRQ3JLV7EAA6F8JNGZDCKDUB79C	\N	450	adrian.guenther@jodlgang.com	Adrian Günther	f
2OE3MJFL538OXRT2UB9HX5N0QLKM0NIJUW4O5ZYV0UF8NKFJ7BTR35W4LJLIZ2X2	\N	451	aaron.schreiber@jodlgang.com	Aaron Schreiber	f
KXYO8DRMG942DW1SBGUF6J5GDSJO4JU5FKS1TWI8DB3F1ZWGMNI2FTLG8MQUYU9E	\N	452	greta.schultz@jodlgang.com	Greta Schultz	f
IZ4Y7P3J1LG7JNU8QACMSENJBOFNUO2EPZHSD7P6DI7QZYBQJ31D4YEHHU7WBT0A	\N	453	nele.vogel@jodlgang.com	Nele Vogel	f
5MZIOY2DLIMAYSG9236B5ABWPDUQIWE438727PR83GQ9YUYZ3BMVM0P3G7BM82B9	\N	454	lilly.fuchs@jodlgang.com	Lilly Fuchs	f
57CHZMVYJP38VMAKSC21V6LV4ZDYCS7Y0JN7QLON8IGJ46KNP18J922GGVD37ZXO	\N	455	ingo.herrmann@jodlgang.com	Ingo Herrmann	f
G29LECAD9RQIXU4FHYD2VPSZS66QC1U2Y9DB2NHFSZDDZYALXYBJ6LGUET97PEFF	\N	456	rafael.heinrich@jodlgang.com	Rafael Heinrich	f
39482D2RFAP8HDT0DZT5W77ZV73QV2IFGZ494RTWHLO7QRF23RX7Z6IP2PUDTCAS	\N	457	pauline.martin@jodlgang.com	Pauline Martin	f
N4UPI2MXQUVG2ZPLU6SAQKUGKQF6UXGFHBDIR7X9GQ7RDJC5E6TJHJT5X7RZZSID	\N	458	ben.graf@jodlgang.com	Ben Graf	f
6PYM12640H8FE3H4JXED10YMMXGSQ55FRUEO6TZS3UE11V9TVLG04MWAQS0QI533	\N	459	mila.simon@jodlgang.com	Mila Simon	f
LQ3GTMWP2FUXE0L29OHS6PBQG3TC54CBC59XJPWIG554IWNA6J9ZT7GO72LLLXBU	\N	460	paula.hahn@jodlgang.com	Paula Hahn	f
Q39M2MONI097YI2RZM0J2X1F2ZKEPRNEKWKFZW2QOIWM2SLRGA8EF8SM0R7CURJR	\N	461	elias.lang@jodlgang.com	Elias Lang	f
D327VYZZNH6R65ZG513WOSFNCO6TJ5OZUCIC5FTZ41DHT5SCF77AGDQ34686EGLJ	\N	462	valentin.ludwig@jodlgang.com	Valentin Ludwig	f
10WC1AQB7VHHJ2UMYPRDEOBAMDDWRZFLRWPRC5PF10CCVS3QIRGOK8RITWT3QSDU	\N	463	lena.weber@jodlgang.com	Lena Weber	f
PW8MZDC7DSFV5TH2JVBLJOJ6O5I2PW0A1YM1FT6R4AVG1689GMEHO1UNBROSXB16	\N	464	nele.schubert@jodlgang.com	Nele Schubert	f
HPAYXC4ZQJSUVLHFFJPR7ZU3EB23X4PZIB0VVNKKX0EA9YZASP10MA8TEFAIFEPD	\N	465	kilian.jaeger@jodlgang.com	Kilian Jäger	f
0F339Y9VKETMHR08H0XKP4SN0GHN8GBJGJWKNQN6I909FQ2T81YRQUCC67P3ZY99	\N	466	antonia.haas@jodlgang.com	Antonia Haas	f
EPFE1JIGRHRPO03Q8FTAU1ETQGVOHR9RPKTU12W16X2PNWJ0LCF8SQZRUFNRV294	\N	467	linda.krueger@jodlgang.com	Linda Krüger	f
XQ7IU2V8JJ1841ISX2KD3UJ653B5FQNVDRSQLGYUDN3F0DQ65GUKXKIPHLU9G45Z	\N	468	julia.schmidt@jodlgang.com	Julia Schmidt	f
N824VEKS08G8QCB5WDWMJZW597LIVI437E6OR87HB09DM17BN0QCUYJ0E7T9X3IB	\N	469	philipp.werner@jodlgang.com	Philipp Werner	f
77WXBGQXYPHGVAMLVSCB241QUQUOF1I6MDRSCOS94KV7N8QYE2HFH49BRB1D6YNT	\N	470	artur.koch@jodlgang.com	Artur Koch	f
GXAMMHMZPMSS7MXJP9OY021BOBS0PRY6GOO4GD0HUN32RI5X7MXRKL4C7DOZG1D2	\N	471	ronja.jung@jodlgang.com	Ronja Jung	f
6CE7Z0UL3J86YU1SZWUXV62XB6KSZVIL5YIK5GYCJOPI0JQTME611L7LDQXZF1WJ	\N	472	levin.dietrich@jodlgang.com	Levin Dietrich	f
AC8E4JDC4WA42EK9MN581XIINUPPAYTXU31BCZYDT06QBCZY81X4J7VEZY98CV2E	\N	473	nele.ilsner@jodlgang.com	Nele Ilsner	f
N9KLYJV6WEV0V7FINXB2B0WX0T89Y7AUI0D1IMSKWRB5HK56FZMY1OHHYUPCOTPU	\N	474	valentin.schumacher@jodlgang.com	Valentin Schumacher	f
VNX7WER0AXNC97LMPAWDJNIETNKNVP2F4Q9P0R6FP1OSNTKPAM055G9K2NZT1XP8	\N	475	stella.mueller@jodlgang.com	Stella Müller	f
G4LY5Z1Z9A9AVF8YN6DQG169B2FJLSYN4S1ET6BRVNOU4J8UMS44TONDR3B2453G	\N	476	ida.schwarz@jodlgang.com	Ida Schwarz	f
6BUQS1WPNOUDRG1JU23N62EYYJ4R9ZFIV9U2BALBGJDHPPZ1X379XO4ZTSED7SU3	\N	477	florian.krueger@jodlgang.com	Florian Krüger	f
3V1ALWVSIDRK9Q1V3TIC3WZRTC0R5QK4E16EJ1JC4VH27VGE1TG7HZO8OY5GAYMV	\N	478	marie.hartmann@jodlgang.com	Marie Hartmann	f
WK47RMZHQQ10IQ62A47FUPDY5U3NDM4ZJZ2B7SSVVSS2V4NUA1XRYNWYFU17YJPG	\N	479	colin.vogel@jodlgang.com	Colin Vogel	f
XKWZQE7RWNOP7DQHUISM0C2WZO3WKJTXCVNWVC0WI9F6P27CY19HZKYS1ZOLY9Y5	\N	480	laura.sauer@jodlgang.com	Laura Sauer	f
BVQ7TB4VIF57THPNN16ETU9HWPYXLQX0T9E02NWMETE5JQ6IZDW43GI2YMPAL6Z3	\N	481	alina.richter@jodlgang.com	Alina Richter	f
I4CIX11FMT88BW0WOX99P9HKKXKUNNTMC1F71R8K580LB4X8147WPPLBX0RHY8SX	\N	482	samuel.koehler@jodlgang.com	Samuel Köhler	f
3M0KUPKDPGXEFDO4NJ7NKTD6OWFNRBQYMGTOVNHKIRS5W6YOHG9GPCNLPZX5AJ4L	\N	483	marie.schwarz@jodlgang.com	Marie Schwarz	f
G2BSS25OL9ZLGL3B35210P97MWIE21X9QUA7XYT0YE1OQ1GLX31XASRXXM1V1D98	\N	484	ann-julie.zimmermann@jodlgang.com	Ann-Julie Zimmermann	f
9NF7JKVOFY414DM2CQ0JCBAD29NQU54CSR19R5DNC5X2EXML5PJ9UANW0EX5O3TI	\N	485	sam.ziegler@jodlgang.com	Sam Ziegler	f
3FM93OELZTRPMQRTNO5KV7C5DI5MR8OAE1GZF2A2WX436Y9DX8MT2WHGP2A8RAKD	\N	486	damian.krueger@jodlgang.com	Damian Krüger	f
453GRJPDRIOAY2TWYC24QRHS0EAA0OOO61OVEOJVCJGSBHHLVGSLZPMIXXG31LF9	\N	487	till.braun@jodlgang.com	Till Braun	f
UPLE13AWYTREPVUR4SJHM3NDTEHD3OMP2WCJTP6FHL0O3W8EOKQ6JV1L9GM8PYDB	\N	488	julie.sauer@jodlgang.com	Julie Sauer	f
3XSKMFG6P01Y6YUI4ALPI50337QZP5K4R7R0HX9ILKOJ3TL8LXJZN78XL6BGNB5V	\N	489	maximilian.schulze@jodlgang.com	Maximilian Schulze	f
U0YZKYTAP258EBFY4IRPPIDAUDEEXFFZJZJ12IK3EJR9E7P6VL9C0E6RYUXDY5JM	\N	490	greta.horn@jodlgang.com	Greta Horn	f
ZU9B4RTL0X1SJN4FB5Q4OXW909J54TWXLE6AVNWM3PYLDRH4P431TGUYLBCN90UJ	\N	491	celina.stein@jodlgang.com	Celina Stein	f
NNS3IAFPN2DAWBQR57F2ILNCZRC3AHD5UB9O88RN7T4Z84GCX1EWWGZ2X0LR4O1A	\N	492	lian.teichmann@jodlgang.com	Lian Teichmann	f
RLCETKCB9XH0W54JJV2QTMUM5H988GYUBY2G3WJNWZCBERXAE3YZN5XG2C9X5C8E	\N	493	milena.bauer@jodlgang.com	Milena Bauer	f
1YYJ7P253WDBE0BKA7W4M6NQI54LH3NJHDAL2TB1W4USH59CNDM7C7XYIPKG9K1W	\N	494	ole.albrecht@jodlgang.com	Ole Albrecht	f
OD2WVCK9ZC8XCRNLU6MUQJCDFQ1IPVHCWYWHFP4H1A3PH9PCHTUVX14PSYQBFC7Y	\N	495	ronja.ullrich@jodlgang.com	Ronja Ullrich	f
MQACJ7MMHWLWBI79GTFU10GNZKSYADQVL8S7UCPCWOVCF393SBMKPIR0WKL1SOJ4	\N	496	robert.teichmann@jodlgang.com	Robert Teichmann	f
W7VL1KJCE8Y924SWMSDZ0E7V04T1EY7OKARX0PZ6GK12GA76BX37ZBE3KU3K39O8	\N	497	wenke.meyer@jodlgang.com	Wenke Meyer	f
JWUNN321RPHQB3UWJV7F66XE6ZNOLUG8DG3W3OXII2T0OB6F3J9CFJJLH1WKB288	\N	498	ingo.bergmann@jodlgang.com	Ingo Bergmann	f
G9CF8TFI2W9AJYAUKK6OU3OSQ3YUVPHEFBRY5QQ513X64DEHCQREVH8ZIAZIPXHE	\N	499	paulina.meyer@jodlgang.com	Paulina Meyer	f
YP4NQQ4VCIDMV7E24UOB06HWTMMR866CSIXSNRRI4ZXZLF8KG45L1WMIKAIALM4E	\N	500	bianca.koch@jodlgang.com	Bianca Koch	f
PO0LVTXSNEKC242PWR1WBN6WW6RWI2K211LRWPVL4SF86EV5TVVL0KFIRKYRDJCC	\N	501	dominic.schubert@jodlgang.com	Dominic Schubert	f
2NE5BPSK19IFOXFSJXDP37O4KH3XFB16AM2YG12PRCRLIW3T309RYIK5X3B1BCWC	\N	502	zoe.schroeder@jodlgang.com	Zoe Schröder	f
3WGTHZOB6597832CIDYZFSFE6FO7V3CXAV9Q3E2ZOA47QYLFYOUNUS83EY2RT0VJ	\N	503	theo.schaefer@jodlgang.com	Theo Schäfer	f
7S8IB8A8R0QNGAWW44OLCFDZYABEG3XN0R73RE8ICQ3Q1A1JZNGDJBFF7DE1RC9N	\N	504	bruno.schuster@jodlgang.com	Bruno Schuster	f
7DNF4ITWSP3Y1LK8KK4O90FZITFLQJY1AEIVQORM7ZGQJO53FVQC1LLDI3XHXJRN	\N	505	lenny.becker@jodlgang.com	Lenny Becker	f
8H7KW9SX4BC9W6SP0FBXZO94G4P4BO95DW37C3IB9HA6YUBDFP66GUJS9172XOOW	\N	506	daniel.kraus@jodlgang.com	Daniel Kraus	f
Q9EPHT0J44USOHKBWYPEL5XK6804N3XCP42V5AZVDM34I1K3IC44VGP1WEX2VSFP	\N	507	benjamin.pohl@jodlgang.com	Benjamin Pohl	f
DC5J7QMUI3O48P84PQVJX6C12RS2IDYD47ZKJC7W0PW00JQ8ZV46NZX226W2RA32	\N	508	kilian.schulze@jodlgang.com	Kilian Schulze	f
H0E71I2PQV3YN83TAI1X3K7QIJKVMPHDRQXPPTKULLW099S3JFZ1ZFKY9PAKC0Z5	\N	509	felix.zimmermann@jodlgang.com	Felix Zimmermann	f
1VKEK6KYOMFJZGB553ISMX0C5JF5CMITQ21XEUGIERN88GOADJI4ZP8N1FHBRPP9	\N	510	hannah.busch@jodlgang.com	Hannah Busch	f
T4TF8WASF4I8I51X9IXHS93RAKTLYAM4USHFUXL9U91DHCJW1F5SC8IFRTQ7X45J	\N	511	jolina.werner@jodlgang.com	Jolina Werner	f
J2OIU4828IDA2U592Y8MBFQC01Y3YYU8K25ZB83DP8V6WM1G70XL4Z4U3PBMEW1G	\N	512	nele.ziegler@jodlgang.com	Nele Ziegler	f
77108G0Y9SQK89WAJJGP1OK6D3HU3Q9M54FS8O5JYQQMHIU16PP6UB5TAKH1JZUV	\N	513	aaron.graf@jodlgang.com	Aaron Graf	f
S12AA8GPSH6TJAR7W4RUKC55A474G1D7LGMT1TK8XBLHNR7QP2NG8X8W3D5M4951	\N	514	simon.schumacher@jodlgang.com	Simon Schumacher	f
ETYTTNM1EWFTWY0HFLK89R4V4RVVV0X6RMKXWBYUHUWTJWFWZNYE1YIWE62Q474T	\N	515	josephine.arnold@jodlgang.com	Josephine Arnold	f
2USRM1PFMXWVLP5A6UCTURWT07BXOX70L29LZVI6S6CK4ULQRQ7299JSO0LUY1XY	\N	516	damian.schmitt@jodlgang.com	Damian Schmitt	f
3SITXA6TFLT1AWU7XGSI8BVMIQVJJNUYVKQIMI7Y885G9P1MWQFUVHH2HQZ1D52U	\N	517	lara.koch@jodlgang.com	Lara Koch	f
TJMJQ0KR2CS2M13JQOUQM77MN949HMYG3SK1XOV8JCO15BGJ137JZ9PQPKTTJ1I6	\N	518	jan.schmidt@jodlgang.com	Jan Schmidt	f
ZCCWF79FGR0YCRYDG5YUH7F2GMW2NVO4L0FTS2ZRTKWRQIRFOJJZZ3RCYRP8K9R7	\N	519	jayden.schulze@jodlgang.com	Jayden Schulze	f
ZS3XS7SI1KBIYNIYL0EFC12IZSLZIDHSWUPRXO3A8Q5Z8SEDL0K2XVX7KSBMH3QJ	\N	520	benedikt.sommer@jodlgang.com	Benedikt Sommer	f
2EO25QH6ST32T8JAOR8VVOKQZM15EW59T6S4YCFN5S9I8R94DFDHD2M4P46YGB4R	\N	521	clara.albrecht@jodlgang.com	Clara Albrecht	f
V14HCODD4V1LQQYJICQXY1SEKLNM3L7FSNQDYFM8GJAU08LOVI1FAPM66MAGEZ02	\N	522	leonie.ebert@jodlgang.com	Leonie Ebert	f
QI6CGM3PLWJSFTUUD67ZIXAD6PPPKDTB8BGHSU700RPLHIF2HVRYQ3XRA0HWN1TP	\N	523	moritz.schuster@jodlgang.com	Moritz Schuster	f
K7E5WQ4HG60THUAFLSCGYW3LOOHSIFPKIF0O2MAZQPOU5Y88EAZHCW4K4MZ97Z8Q	\N	524	olivia.schwarz@jodlgang.com	Olivia Schwarz	f
KVGKF3ME1M6PJTC5K3T40OU8JY2QNLYH5A10OKXT6DJLOYKR0X9EXWXOD8D2QP8Q	\N	525	sofia.frank@jodlgang.com	Sofia Frank	f
KHIUW8C3442ZWIOCUDUX2DJ5GVVSM0BG2HUBGL4U07VCP88EWJM3KNLG1EOQ3DFX	\N	526	malte.busch@jodlgang.com	Malte Busch	f
ETJD8JNOXQGYXZBCL3HAXMDHVZ2N4D6C86FNZ4VCN7PRVH4QW5B361XGVHYJNG1B	\N	527	miriam.schwarz@jodlgang.com	Miriam Schwarz	f
BRHRSAKQMPGK99X6TNTJ44KFC1IUPJ0QLCVE829UO39VEZ2G6O42OAFM0ZVXQV0X	\N	528	fiona.gross@jodlgang.com	Fiona Groß	f
098FN65J5AE3FLTDU5M1RSNPRZSHH9V5PYANOFUK7ZEEAYT1BCBMUCEXDDGGRACM	\N	529	laura.bauer@jodlgang.com	Laura Bauer	f
\.


--
-- Name: jodlplatform_user_id_seq; Type: SEQUENCE SET; Schema: public; Owner: jodlgang
--

SELECT pg_catalog.setval('jodlplatform_user_id_seq', 1, false);


--
-- Name: auth_group auth_group_name_key; Type: CONSTRAINT; Schema: public; Owner: jodlgang
--

ALTER TABLE ONLY auth_group
    ADD CONSTRAINT auth_group_name_key UNIQUE (name);


--
-- Name: auth_group_permissions auth_group_permissions_group_id_permission_id_0cd325b0_uniq; Type: CONSTRAINT; Schema: public; Owner: jodlgang
--

ALTER TABLE ONLY auth_group_permissions
    ADD CONSTRAINT auth_group_permissions_group_id_permission_id_0cd325b0_uniq UNIQUE (group_id, permission_id);


--
-- Name: auth_group_permissions auth_group_permissions_pkey; Type: CONSTRAINT; Schema: public; Owner: jodlgang
--

ALTER TABLE ONLY auth_group_permissions
    ADD CONSTRAINT auth_group_permissions_pkey PRIMARY KEY (id);


--
-- Name: auth_group auth_group_pkey; Type: CONSTRAINT; Schema: public; Owner: jodlgang
--

ALTER TABLE ONLY auth_group
    ADD CONSTRAINT auth_group_pkey PRIMARY KEY (id);


--
-- Name: auth_permission auth_permission_content_type_id_codename_01ab375a_uniq; Type: CONSTRAINT; Schema: public; Owner: jodlgang
--

ALTER TABLE ONLY auth_permission
    ADD CONSTRAINT auth_permission_content_type_id_codename_01ab375a_uniq UNIQUE (content_type_id, codename);


--
-- Name: auth_permission auth_permission_pkey; Type: CONSTRAINT; Schema: public; Owner: jodlgang
--

ALTER TABLE ONLY auth_permission
    ADD CONSTRAINT auth_permission_pkey PRIMARY KEY (id);


--
-- Name: django_admin_log django_admin_log_pkey; Type: CONSTRAINT; Schema: public; Owner: jodlgang
--

ALTER TABLE ONLY django_admin_log
    ADD CONSTRAINT django_admin_log_pkey PRIMARY KEY (id);


--
-- Name: django_content_type django_content_type_app_label_model_76bd3d3b_uniq; Type: CONSTRAINT; Schema: public; Owner: jodlgang
--

ALTER TABLE ONLY django_content_type
    ADD CONSTRAINT django_content_type_app_label_model_76bd3d3b_uniq UNIQUE (app_label, model);


--
-- Name: django_content_type django_content_type_pkey; Type: CONSTRAINT; Schema: public; Owner: jodlgang
--

ALTER TABLE ONLY django_content_type
    ADD CONSTRAINT django_content_type_pkey PRIMARY KEY (id);


--
-- Name: django_migrations django_migrations_pkey; Type: CONSTRAINT; Schema: public; Owner: jodlgang
--

ALTER TABLE ONLY django_migrations
    ADD CONSTRAINT django_migrations_pkey PRIMARY KEY (id);


--
-- Name: django_session django_session_pkey; Type: CONSTRAINT; Schema: public; Owner: jodlgang
--

ALTER TABLE ONLY django_session
    ADD CONSTRAINT django_session_pkey PRIMARY KEY (session_key);


--
-- Name: jodlplatform_note jodlplatform_note_pkey; Type: CONSTRAINT; Schema: public; Owner: jodlgang
--

ALTER TABLE ONLY jodlplatform_note
    ADD CONSTRAINT jodlplatform_note_pkey PRIMARY KEY (id);


--
-- Name: jodlplatform_user jodlplatform_user_email_key; Type: CONSTRAINT; Schema: public; Owner: jodlgang
--

ALTER TABLE ONLY jodlplatform_user
    ADD CONSTRAINT jodlplatform_user_email_key UNIQUE (email);


--
-- Name: jodlplatform_user jodlplatform_user_pkey; Type: CONSTRAINT; Schema: public; Owner: jodlgang
--

ALTER TABLE ONLY jodlplatform_user
    ADD CONSTRAINT jodlplatform_user_pkey PRIMARY KEY (id);


--
-- Name: auth_group_name_a6ea08ec_like; Type: INDEX; Schema: public; Owner: jodlgang
--

CREATE INDEX auth_group_name_a6ea08ec_like ON auth_group USING btree (name varchar_pattern_ops);


--
-- Name: auth_group_permissions_group_id_b120cbf9; Type: INDEX; Schema: public; Owner: jodlgang
--

CREATE INDEX auth_group_permissions_group_id_b120cbf9 ON auth_group_permissions USING btree (group_id);


--
-- Name: auth_group_permissions_permission_id_84c5c92e; Type: INDEX; Schema: public; Owner: jodlgang
--

CREATE INDEX auth_group_permissions_permission_id_84c5c92e ON auth_group_permissions USING btree (permission_id);


--
-- Name: auth_permission_content_type_id_2f476e4b; Type: INDEX; Schema: public; Owner: jodlgang
--

CREATE INDEX auth_permission_content_type_id_2f476e4b ON auth_permission USING btree (content_type_id);


--
-- Name: django_admin_log_content_type_id_c4bce8eb; Type: INDEX; Schema: public; Owner: jodlgang
--

CREATE INDEX django_admin_log_content_type_id_c4bce8eb ON django_admin_log USING btree (content_type_id);


--
-- Name: django_admin_log_user_id_c564eba6; Type: INDEX; Schema: public; Owner: jodlgang
--

CREATE INDEX django_admin_log_user_id_c564eba6 ON django_admin_log USING btree (user_id);


--
-- Name: django_session_expire_date_a5c62663; Type: INDEX; Schema: public; Owner: jodlgang
--

CREATE INDEX django_session_expire_date_a5c62663 ON django_session USING btree (expire_date);


--
-- Name: django_session_session_key_c0390e0f_like; Type: INDEX; Schema: public; Owner: jodlgang
--

CREATE INDEX django_session_session_key_c0390e0f_like ON django_session USING btree (session_key varchar_pattern_ops);


--
-- Name: jodlplatform_note_author_id_2140f711; Type: INDEX; Schema: public; Owner: jodlgang
--

CREATE INDEX jodlplatform_note_author_id_2140f711 ON jodlplatform_note USING btree (author_id);


--
-- Name: jodlplatform_user_email_35ebb6c3_like; Type: INDEX; Schema: public; Owner: jodlgang
--

CREATE INDEX jodlplatform_user_email_35ebb6c3_like ON jodlplatform_user USING btree (email varchar_pattern_ops);


--
-- Name: auth_group_permissions auth_group_permissio_permission_id_84c5c92e_fk_auth_perm; Type: FK CONSTRAINT; Schema: public; Owner: jodlgang
--

ALTER TABLE ONLY auth_group_permissions
    ADD CONSTRAINT auth_group_permissio_permission_id_84c5c92e_fk_auth_perm FOREIGN KEY (permission_id) REFERENCES auth_permission(id) DEFERRABLE INITIALLY DEFERRED;


--
-- Name: auth_group_permissions auth_group_permissions_group_id_b120cbf9_fk_auth_group_id; Type: FK CONSTRAINT; Schema: public; Owner: jodlgang
--

ALTER TABLE ONLY auth_group_permissions
    ADD CONSTRAINT auth_group_permissions_group_id_b120cbf9_fk_auth_group_id FOREIGN KEY (group_id) REFERENCES auth_group(id) DEFERRABLE INITIALLY DEFERRED;


--
-- Name: auth_permission auth_permission_content_type_id_2f476e4b_fk_django_co; Type: FK CONSTRAINT; Schema: public; Owner: jodlgang
--

ALTER TABLE ONLY auth_permission
    ADD CONSTRAINT auth_permission_content_type_id_2f476e4b_fk_django_co FOREIGN KEY (content_type_id) REFERENCES django_content_type(id) DEFERRABLE INITIALLY DEFERRED;


--
-- Name: django_admin_log django_admin_log_content_type_id_c4bce8eb_fk_django_co; Type: FK CONSTRAINT; Schema: public; Owner: jodlgang
--

ALTER TABLE ONLY django_admin_log
    ADD CONSTRAINT django_admin_log_content_type_id_c4bce8eb_fk_django_co FOREIGN KEY (content_type_id) REFERENCES django_content_type(id) DEFERRABLE INITIALLY DEFERRED;


--
-- Name: django_admin_log django_admin_log_user_id_c564eba6_fk_jodlplatform_user_id; Type: FK CONSTRAINT; Schema: public; Owner: jodlgang
--

ALTER TABLE ONLY django_admin_log
    ADD CONSTRAINT django_admin_log_user_id_c564eba6_fk_jodlplatform_user_id FOREIGN KEY (user_id) REFERENCES jodlplatform_user(id) DEFERRABLE INITIALLY DEFERRED;


--
-- Name: jodlplatform_note jodlplatform_note_author_id_2140f711_fk_jodlplatform_user_id; Type: FK CONSTRAINT; Schema: public; Owner: jodlgang
--

ALTER TABLE ONLY jodlplatform_note
    ADD CONSTRAINT jodlplatform_note_author_id_2140f711_fk_jodlplatform_user_id FOREIGN KEY (author_id) REFERENCES jodlplatform_user(id) DEFERRABLE INITIALLY DEFERRED;


--
-- PostgreSQL database dump complete
--

